date,TMAX_F,TMIN_F,energy_mwh,city
2023-01-01,44.96,37.04,28922216,Chicago
2023-01-02,42.98,32.0,29820930,Chicago
2023-01-03,48.02,39.02,31203683,Chicago
2023-01-04,44.06,33.08,31382912,Chicago
2023-01-05,33.98,32.0,32106935,Chicago
2023-01-06,33.98,25.16,34022691,Chicago
2023-01-07,32.0,27.14,33338307,Chicago
2023-01-08,33.08,26.24,33508064,Chicago
2023-01-09,44.06,25.16,35209897,Chicago
2023-01-10,50.0,33.98,35906383,Chicago
2023-01-11,57.02,37.94,35226414,Chicago
2023-01-12,42.98,35.96,33925674,Chicago
2023-01-13,35.96,26.24,34629215,Chicago
2023-01-14,31.1,24.26,35112097,Chicago
2023-01-15,44.06,26.24,34794772,Chicago
2023-01-16,51.98,39.92,35605983,Chicago
2023-01-17,48.92,37.04,34290390,Chicago
2023-01-18,41.0,35.96,33623359,Chicago
2023-01-19,42.08,33.98,33676585,Chicago
2023-01-20,35.06,29.12,34755207,Chicago
2023-01-21,32.0,28.22,33664078,Chicago
2023-01-22,33.98,26.24,33874926,Chicago
2023-01-23,30.2,21.2,36429074,Chicago
2023-01-24,35.96,28.22,36280180,Chicago
2023-01-25,33.98,31.1,36367960,Chicago
2023-01-26,32.0,15.26,36387976,Chicago
2023-01-27,35.96,13.1,36823713,Chicago
2023-01-28,31.1,19.22,33577457,Chicago
2023-01-29,31.1,18.14,33148348,Chicago
2023-01-30,18.14,5.18,35739574,Chicago
2023-01-31,12.2,-0.76,37696706,Chicago
2023-02-01,27.14,6.26,38544114,Chicago
2023-02-02,33.08,10.22,38102968,Chicago
2023-02-03,11.12,-0.76,40256594,Chicago
2023-02-04,42.08,11.12,38776987,Chicago
2023-02-05,41.0,28.22,33972306,Chicago
2023-02-06,46.94,23.18,34911832,Chicago
2023-02-07,51.08,32.0,35214936,Chicago
2023-02-08,44.06,27.14,33555609,Chicago
2023-02-09,42.08,35.96,33017251,Chicago
2023-02-10,37.94,27.14,32407040,Chicago
2023-02-11,46.94,23.18,31599280,Chicago
2023-02-12,51.98,30.2,32305468,Chicago
2023-02-13,51.98,33.98,33145352,Chicago
2023-02-14,55.04,33.08,32832703,Chicago
2023-02-15,51.08,33.98,31073812,Chicago
2023-02-16,35.06,24.26,31354853,Chicago
2023-02-17,26.24,17.24,33094900,Chicago
2023-02-18,44.06,25.16,33198161,Chicago
2023-02-19,51.08,37.94,31253753,Chicago
2023-02-20,48.02,29.12,31878929,Chicago
2023-02-21,39.92,24.26,32376746,Chicago
2023-02-22,35.96,33.08,33240619,Chicago
2023-02-23,39.92,23.18,32665032,Chicago
2023-02-24,29.12,18.14,33248339,Chicago
2023-02-25,37.94,26.24,33275721,Chicago
2023-02-26,51.98,28.22,31421531,Chicago
2023-02-27,57.92,37.94,33758621,Chicago
2023-02-28,51.98,37.94,33468678,Chicago
2023-03-01,55.94,37.94,32664333,Chicago
2023-03-02,39.92,33.08,32417763,Chicago
2023-03-03,37.94,33.08,33049117,Chicago
2023-03-04,50.0,29.12,30569728,Chicago
2023-03-05,50.0,31.1,29837913,Chicago
2023-03-06,55.04,39.92,31830715,Chicago
2023-03-07,44.96,35.96,32708067,Chicago
2023-03-08,46.94,35.96,34138732,Chicago
2023-03-09,39.92,33.08,33914614,Chicago
2023-03-10,37.04,33.08,34263675,Chicago
2023-03-11,39.02,32.0,32423601,Chicago
2023-03-12,37.04,30.2,31909213,Chicago
2023-03-13,33.08,26.24,35436175,Chicago
2023-03-14,37.94,20.12,36537523,Chicago
2023-03-15,50.0,23.18,35365164,Chicago
2023-03-16,50.0,41.0,33082520,Chicago
2023-03-17,46.94,21.2,31881581,Chicago
2023-03-18,25.16,12.2,31627554,Chicago
2023-03-19,39.92,19.22,32978096,Chicago
2023-03-20,51.98,30.2,34458840,Chicago
2023-03-21,53.96,37.04,32797258,Chicago
2023-03-22,53.06,39.92,31511853,Chicago
2023-03-23,48.02,35.96,30919264,Chicago
2023-03-24,44.96,35.06,30856111,Chicago
2023-03-25,44.06,33.98,29623702,Chicago
2023-03-26,48.02,33.98,28087886,Chicago
2023-03-27,46.04,32.0,30863848,Chicago
2023-03-28,51.08,30.2,31263283,Chicago
2023-03-29,42.08,29.12,31389254,Chicago
2023-03-30,57.02,27.14,31859172,Chicago
2023-03-31,69.98,48.92,30775498,Chicago
2023-04-01,48.02,32.0,27899202,Chicago
2023-04-02,55.94,30.2,27655460,Chicago
2023-04-03,64.04,44.06,29826691,Chicago
2023-04-04,69.08,44.06,29421574,Chicago
2023-04-05,71.96,37.94,30586224,Chicago
2023-04-06,51.98,32.0,30320872,Chicago
2023-04-07,48.92,35.06,29023272,Chicago
2023-04-08,62.96,35.96,27933518,Chicago
2023-04-09,68.0,41.0,26910203,Chicago
2023-04-10,71.06,48.92,29424244,Chicago
2023-04-11,78.98,51.98,29050922,Chicago
2023-04-12,82.04,57.02,29382931,Chicago
2023-04-13,82.94,57.02,30755945,Chicago
2023-04-14,82.94,55.94,30829484,Chicago
2023-04-15,82.94,64.04,28511557,Chicago
2023-04-16,64.04,33.98,27831477,Chicago
2023-04-17,39.02,32.0,29800632,Chicago
2023-04-18,57.92,33.08,29635926,Chicago
2023-04-19,64.04,42.08,29328029,Chicago
2023-04-20,78.98,48.02,30011845,Chicago
2023-04-21,62.96,44.06,29403447,Chicago
2023-04-22,46.94,35.06,27073944,Chicago
2023-04-23,42.08,35.96,27091949,Chicago
2023-04-24,53.96,35.96,29419819,Chicago
2023-04-25,46.04,35.06,29322992,Chicago
2023-04-26,51.98,31.1,29054219,Chicago
2023-04-27,66.92,37.04,28691231,Chicago
2023-04-28,62.96,44.96,28577092,Chicago
2023-04-29,59.0,42.98,26824657,Chicago
2023-04-30,48.02,39.92,26737877,Chicago
2023-05-01,50.0,39.92,29609199,Chicago
2023-05-02,53.96,42.08,30154997,Chicago
2023-05-03,59.0,37.94,30038970,Chicago
2023-05-04,71.96,42.08,29367441,Chicago
2023-05-05,78.08,55.04,28881861,Chicago
2023-05-06,78.08,59.0,26710554,Chicago
2023-05-07,87.08,57.92,27219817,Chicago
2023-05-08,60.08,51.08,30028411,Chicago
2023-05-09,69.98,46.04,29170273,Chicago
2023-05-10,80.96,48.92,28953162,Chicago
2023-05-11,84.02,55.04,30102158,Chicago
2023-05-12,77.0,57.02,31355035,Chicago
2023-05-13,69.98,55.94,28450958,Chicago
2023-05-14,62.96,51.98,27424687,Chicago
2023-05-15,68.0,51.08,29125216,Chicago
2023-05-16,80.96,51.08,29955988,Chicago
2023-05-17,60.98,44.96,29439493,Chicago
2023-05-18,75.02,44.06,29171468,Chicago
2023-05-19,75.92,53.96,29293880,Chicago
2023-05-20,73.04,46.94,28084019,Chicago
2023-05-21,80.96,53.96,27380986,Chicago
2023-05-22,82.94,55.04,30384339,Chicago
2023-05-23,86.0,57.02,31133247,Chicago
2023-05-24,66.92,51.98,30855617,Chicago
2023-05-25,62.06,46.04,29426180,Chicago
2023-05-26,69.98,44.96,29252006,Chicago
2023-05-27,73.94,46.94,27633102,Chicago
2023-05-28,80.06,53.06,27620237,Chicago
2023-05-29,86.0,53.06,29313121,Chicago
2023-05-30,91.04,59.0,32717940,Chicago
2023-05-31,91.04,69.08,33762124,Chicago
2023-06-01,91.04,68.0,35508232,Chicago
2023-06-02,91.04,64.94,36826473,Chicago
2023-06-03,87.08,62.96,33343887,Chicago
2023-06-04,77.0,59.0,30220021,Chicago
2023-06-05,84.02,55.94,32252143,Chicago
2023-06-06,77.0,60.98,32697169,Chicago
2023-06-07,75.02,55.04,31227312,Chicago
2023-06-08,75.02,51.08,30795529,Chicago
2023-06-09,82.94,55.04,30669045,Chicago
2023-06-10,86.0,62.06,30216384,Chicago
2023-06-11,64.04,50.0,31043466,Chicago
2023-06-12,69.98,48.92,32446125,Chicago
2023-06-13,64.94,55.04,32086616,Chicago
2023-06-14,77.0,59.0,32492900,Chicago
2023-06-15,80.06,53.06,32929470,Chicago
2023-06-16,68.0,51.98,32097012,Chicago
2023-06-17,80.96,53.06,30408862,Chicago
2023-06-18,86.0,60.08,31106934,Chicago
2023-06-19,87.08,60.98,35267665,Chicago
2023-06-20,82.94,60.08,35335792,Chicago
2023-06-21,87.98,60.98,34536852,Chicago
2023-06-22,86.0,66.02,33014665,Chicago
2023-06-23,86.0,64.94,33656527,Chicago
2023-06-24,93.02,66.02,34019912,Chicago
2023-06-25,86.0,68.0,35437723,Chicago
2023-06-26,75.02,68.0,37150984,Chicago
2023-06-27,78.08,62.96,35653804,Chicago
2023-06-28,84.92,57.92,35919597,Chicago
2023-06-29,87.98,71.96,38101756,Chicago
2023-06-30,91.04,71.96,39335705,Chicago
2023-07-01,86.0,71.96,36886054,Chicago
2023-07-02,73.04,66.02,36594806,Chicago
2023-07-03,87.98,64.04,39245186,Chicago
2023-07-04,91.94,69.98,38427502,Chicago
2023-07-05,91.04,71.06,42054944,Chicago
2023-07-06,82.04,66.02,41716731,Chicago
2023-07-07,80.96,64.04,40337944,Chicago
2023-07-08,75.92,64.04,36669804,Chicago
2023-07-09,84.92,60.98,34721608,Chicago
2023-07-10,87.08,64.94,37936288,Chicago
2023-07-11,86.0,69.08,39601745,Chicago
2023-07-12,75.92,64.04,40634252,Chicago
2023-07-13,78.08,62.96,41926432,Chicago
2023-07-14,89.96,68.0,41630504,Chicago
2023-07-15,84.92,69.98,38943467,Chicago
2023-07-16,80.96,66.92,37256242,Chicago
2023-07-17,80.06,66.02,40236698,Chicago
2023-07-18,80.96,62.96,40065351,Chicago
2023-07-19,86.0,62.96,40111538,Chicago
2023-07-20,87.08,68.0,41256285,Chicago
2023-07-21,82.04,64.04,39005680,Chicago
2023-07-22,84.92,64.94,35727339,Chicago
2023-07-23,84.02,64.04,36164876,Chicago
2023-07-24,89.06,68.0,40305588,Chicago
2023-07-25,91.04,69.98,40946678,Chicago
2023-07-26,89.96,71.06,42994444,Chicago
2023-07-27,91.94,71.96,45635606,Chicago
2023-07-28,93.02,69.98,44862976,Chicago
2023-07-29,82.94,69.08,40498582,Chicago
2023-07-30,80.06,66.92,36039998,Chicago
2023-07-31,82.94,64.04,37947180,Chicago
2023-08-01,84.92,69.08,37334670,Chicago
2023-08-02,84.92,68.0,37455989,Chicago
2023-08-03,89.96,66.92,38499769,Chicago
2023-08-04,86.0,69.98,38632587,Chicago
2023-08-05,77.0,69.08,36703157,Chicago
2023-08-06,73.04,66.02,36522003,Chicago
2023-08-07,82.04,66.02,38658264,Chicago
2023-08-08,84.92,64.04,38083475,Chicago
2023-08-09,78.98,66.02,38543283,Chicago
2023-08-10,86.0,64.94,37828037,Chicago
2023-08-11,84.92,69.98,38411577,Chicago
2023-08-12,87.08,68.0,38153568,Chicago
2023-08-13,80.96,66.02,37759087,Chicago
2023-08-14,75.92,64.04,39752372,Chicago
2023-08-15,78.08,62.06,39984851,Chicago
2023-08-16,82.04,60.08,37602359,Chicago
2023-08-17,80.06,62.96,38758002,Chicago
2023-08-18,78.98,59.0,36435985,Chicago
2023-08-19,84.02,62.96,33558600,Chicago
2023-08-20,91.04,69.98,36852073,Chicago
2023-08-21,82.04,69.08,42017291,Chicago
2023-08-22,89.96,69.08,40348696,Chicago
2023-08-23,98.06,77.0,40314794,Chicago
2023-08-24,100.04,75.02,41401720,Chicago
2023-08-25,82.04,71.06,41427997,Chicago
2023-08-26,77.0,62.96,38304076,Chicago
2023-08-27,75.02,60.98,35469749,Chicago
2023-08-28,82.04,59.0,36955762,Chicago
2023-08-29,87.08,62.96,37211761,Chicago
2023-08-30,71.06,55.04,36838605,Chicago
2023-08-31,78.98,53.96,34435252,Chicago
2023-09-01,84.92,57.92,34072209,Chicago
2023-09-02,89.06,64.04,34194546,Chicago
2023-09-03,93.92,69.98,37525561,Chicago
2023-09-04,93.92,71.06,40626971,Chicago
2023-09-05,93.92,73.94,44291506,Chicago
2023-09-06,82.94,71.06,44302046,Chicago
2023-09-07,71.06,64.04,41353943,Chicago
2023-09-08,68.0,57.92,38126804,Chicago
2023-09-09,75.92,55.94,34209580,Chicago
2023-09-10,82.94,53.96,32622977,Chicago
2023-09-11,69.98,60.98,35796535,Chicago
2023-09-12,71.96,57.02,35226859,Chicago
2023-09-13,71.96,53.96,34319124,Chicago
2023-09-14,73.94,53.06,32542720,Chicago
2023-09-15,78.98,53.96,31430243,Chicago
2023-09-16,69.98,60.08,29291113,Chicago
2023-09-17,64.04,57.02,29256943,Chicago
2023-09-18,73.04,53.06,31390402,Chicago
2023-09-19,68.0,57.92,31296800,Chicago
2023-09-20,80.06,62.96,32254393,Chicago
2023-09-21,80.96,66.02,32222818,Chicago
2023-09-22,80.06,66.02,31866087,Chicago
2023-09-23,80.96,64.94,29098199,Chicago
2023-09-24,78.98,59.0,28919904,Chicago
2023-09-25,75.02,64.04,31494623,Chicago
2023-09-26,73.04,62.96,31436344,Chicago
2023-09-27,71.96,62.96,30843790,Chicago
2023-09-28,71.06,60.98,30848877,Chicago
2023-09-29,77.0,59.0,30952944,Chicago
2023-09-30,84.02,60.98,29636185,Chicago
2023-10-01,87.08,62.96,30024002,Chicago
2023-10-02,86.0,64.04,33072878,Chicago
2023-10-03,87.08,64.04,33834761,Chicago
2023-10-04,84.02,68.0,33972681,Chicago
2023-10-05,73.04,60.08,32387877,Chicago
2023-10-06,62.06,48.92,31252012,Chicago
2023-10-07,60.98,46.04,28236443,Chicago
2023-10-08,57.02,44.96,26847753,Chicago
2023-10-09,59.0,44.06,29025694,Chicago
2023-10-10,64.04,42.08,29235490,Chicago
2023-10-11,66.92,42.08,28841080,Chicago
2023-10-12,62.06,55.04,28922759,Chicago
2023-10-13,60.08,55.94,28675167,Chicago
2023-10-14,57.02,48.92,27085965,Chicago
2023-10-15,60.08,46.94,26623655,Chicago
2023-10-16,55.94,42.98,29240026,Chicago
2023-10-17,64.04,41.0,28732929,Chicago
2023-10-18,68.0,46.04,28665358,Chicago
2023-10-19,60.98,53.96,28821434,Chicago
2023-10-20,60.98,48.02,28603684,Chicago
2023-10-21,64.94,46.94,26569038,Chicago
2023-10-22,60.98,42.08,26344757,Chicago
2023-10-23,66.92,44.96,29280855,Chicago
2023-10-24,82.94,62.06,29268163,Chicago
2023-10-25,69.08,60.98,29138857,Chicago
2023-10-26,71.96,64.94,29238532,Chicago
2023-10-27,71.96,44.96,29111504,Chicago
2023-10-28,51.98,39.02,27532613,Chicago
2023-10-29,46.94,39.02,27303305,Chicago
2023-10-30,44.06,31.1,30091128,Chicago
2023-10-31,37.94,30.2,31685928,Chicago
2023-11-01,42.08,29.12,32681637,Chicago
2023-11-02,57.02,35.06,33429395,Chicago
2023-11-03,59.0,46.94,32013828,Chicago
2023-11-04,60.08,41.0,21359765,Chicago
2023-11-06,69.08,55.04,30676239,Chicago
2023-11-07,55.94,41.0,30218963,Chicago
2023-11-08,55.94,46.94,30373563,Chicago
2023-11-09,55.94,39.92,30091582,Chicago
2023-11-10,46.94,35.06,30677107,Chicago
2023-11-11,51.08,30.2,29043647,Chicago
2023-11-12,57.02,42.08,29535419,Chicago
2023-11-13,62.96,37.94,31928646,Chicago
2023-11-14,60.98,32.0,31618939,Chicago
2023-11-15,64.04,42.98,31807292,Chicago
2023-11-16,66.02,44.06,30851157,Chicago
2023-11-17,60.08,33.98,30536391,Chicago
2023-11-18,53.06,31.1,29122639,Chicago
2023-11-19,53.96,35.06,29840565,Chicago
2023-11-20,50.0,42.08,33355810,Chicago
2023-11-21,44.06,35.96,33730629,Chicago
2023-11-22,46.04,33.98,32720694,Chicago
2023-11-23,48.02,32.0,30300560,Chicago
2023-11-24,33.98,25.16,31037201,Chicago
2023-11-25,39.02,24.26,32505804,Chicago
2023-11-26,33.08,28.22,32623134,Chicago
2023-11-27,29.12,18.14,35834164,Chicago
2023-11-28,24.26,14.18,38453870,Chicago
2023-11-29,39.92,20.12,38785389,Chicago
2023-11-30,51.08,32.0,36035393,Chicago
2023-12-01,44.06,39.02,34542193,Chicago
2023-12-02,42.98,39.02,31182063,Chicago
2023-12-03,39.92,35.96,31004716,Chicago
2023-12-04,41.0,32.0,34151956,Chicago
2023-12-05,41.0,32.0,35489742,Chicago
2023-12-06,39.02,32.0,36138379,Chicago
2023-12-07,51.08,35.96,36210521,Chicago
2023-12-08,55.94,46.04,34047248,Chicago
2023-12-09,53.96,35.06,31220905,Chicago
2023-12-10,35.06,30.2,31562371,Chicago
2023-12-11,35.96,28.22,35726322,Chicago
2023-12-12,37.94,27.14,36494207,Chicago
2023-12-13,41.0,23.18,36652655,Chicago
2023-12-14,51.08,32.0,36837785,Chicago
2023-12-15,53.06,35.06,35511649,Chicago
2023-12-16,46.04,41.0,32953489,Chicago
2023-12-17,44.06,35.96,31672947,Chicago
2023-12-18,35.96,20.12,35161150,Chicago
2023-12-19,33.08,17.24,37785860,Chicago
2023-12-20,44.96,30.2,37739637,Chicago
2023-12-21,48.02,33.08,36709546,Chicago
2023-12-22,44.96,42.98,35352120,Chicago
2023-12-23,48.92,42.98,32656043,Chicago
2023-12-24,55.04,48.02,30570683,Chicago
2023-12-25,59.0,50.0,29966863,Chicago
2023-12-26,50.0,31.1,31565621,Chicago
2023-12-27,42.08,30.2,32579043,Chicago
2023-12-28,42.08,33.98,32856154,Chicago
2023-12-29,39.92,31.1,33172910,Chicago
2023-12-30,37.04,27.14,32931850,Chicago
2023-12-31,35.96,31.1,33092520,Chicago
2023-01-01,78.98,59.0,13795028,Houston
2023-01-02,75.92,71.06,14680726,Houston
2023-01-03,78.08,57.92,14419204,Houston
2023-01-04,71.96,48.02,14711409,Houston
2023-01-05,71.96,42.98,15215116,Houston
2023-01-06,78.98,46.94,15355997,Houston
2023-01-07,80.96,57.02,14187140,Houston
2023-01-08,69.98,50.0,14116758,Houston
2023-01-09,68.0,44.96,14987912,Houston
2023-01-10,75.92,57.92,15061836,Houston
2023-01-11,80.06,62.96,15324770,Houston
2023-01-12,71.06,50.0,15241816,Houston
2023-01-13,62.96,42.08,15996916,Houston
2023-01-14,62.06,33.98,15532679,Houston
2023-01-15,73.04,42.98,14533040,Houston
2023-01-16,75.92,62.96,14638700,Houston
2023-01-17,80.06,62.96,14819083,Houston
2023-01-18,78.98,51.08,14802370,Houston
2023-01-19,71.96,46.04,14790534,Houston
2023-01-20,53.06,48.02,15787418,Houston
2023-01-21,53.06,48.02,15156051,Houston
2023-01-22,60.98,39.92,15308083,Houston
2023-01-23,59.0,35.06,16708320,Houston
2023-01-24,60.08,44.96,17129760,Houston
2023-01-25,51.98,37.94,17707828,Houston
2023-01-26,57.92,35.06,17441540,Houston
2023-01-27,55.94,33.98,16965053,Houston
2023-01-28,69.98,55.04,15044166,Houston
2023-01-29,73.94,51.08,15307381,Houston
2023-01-30,51.08,35.96,19594769,Houston
2023-01-31,42.98,35.96,21890329,Houston
2023-02-01,39.92,35.96,21593006,Houston
2023-02-02,41.0,37.94,20556811,Houston
2023-02-03,59.0,39.02,18706091,Houston
2023-02-04,62.96,35.06,16889511,Houston
2023-02-05,73.94,44.96,15043743,Houston
2023-02-06,73.04,48.92,14923425,Houston
2023-02-07,73.94,57.92,15089718,Houston
2023-02-08,78.08,44.06,15958824,Houston
2023-02-09,71.96,39.92,15936372,Houston
2023-02-10,59.0,42.08,17022507,Houston
2023-02-11,53.96,39.02,16789631,Houston
2023-02-12,64.94,37.94,15929883,Houston
2023-02-13,73.04,39.92,15575457,Houston
2023-02-14,80.06,60.08,14878228,Houston
2023-02-15,78.08,64.04,15358005,Houston
2023-02-16,71.96,44.96,16342839,Houston
2023-02-17,53.96,35.96,17889608,Houston
2023-02-18,55.04,33.08,17073635,Houston
2023-02-19,75.02,42.98,15116987,Houston
2023-02-20,78.98,62.96,15287943,Houston
2023-02-21,82.04,69.08,15873111,Houston
2023-02-22,80.96,69.98,15886093,Houston
2023-02-23,82.94,69.98,15751926,Houston
2023-02-24,78.98,69.08,16462878,Houston
2023-02-25,82.04,62.06,15967716,Houston
2023-02-26,82.04,69.98,15135527,Houston
2023-02-27,84.02,59.0,15494728,Houston
2023-02-28,84.02,55.94,15860226,Houston
2023-03-01,84.02,71.06,16002603,Houston
2023-03-02,78.98,64.94,15846268,Houston
2023-03-03,71.96,53.06,14637912,Houston
2023-03-04,80.06,46.04,14262325,Houston
2023-03-05,78.08,50.0,14222000,Houston
2023-03-06,82.94,55.04,15632377,Houston
2023-03-07,82.94,66.92,16093009,Houston
2023-03-08,87.08,66.02,16024349,Houston
2023-03-09,86.0,62.06,16005460,Houston
2023-03-10,78.98,62.96,15507189,Houston
2023-03-11,86.0,62.96,15753981,Houston
2023-03-12,84.02,59.0,14518465,Houston
2023-03-13,71.06,53.06,14896545,Houston
2023-03-14,66.92,50.0,14887108,Houston
2023-03-15,69.98,44.06,14944575,Houston
2023-03-16,75.02,62.96,15346085,Houston
2023-03-17,71.96,44.96,15821954,Houston
2023-03-18,55.94,46.94,15598392,Houston
2023-03-19,59.0,39.02,15933221,Houston
2023-03-20,55.94,37.04,16865565,Houston
2023-03-21,73.04,53.06,15538587,Houston
2023-03-22,82.94,68.0,16013294,Houston
2023-03-23,84.92,71.06,16518516,Houston
2023-03-24,82.94,69.98,16206164,Houston
2023-03-25,84.92,60.08,14735896,Houston
2023-03-26,82.04,53.96,14585738,Houston
2023-03-27,77.0,62.96,15391689,Houston
2023-03-28,77.0,62.06,15073033,Houston
2023-03-29,68.0,55.94,14739394,Houston
2023-03-30,75.92,57.92,15403912,Houston
2023-03-31,84.02,73.04,16654053,Houston
2023-04-01,89.06,64.94,15348960,Houston
2023-04-02,82.94,62.96,15559880,Houston
2023-04-03,87.08,73.94,17908998,Houston
2023-04-04,82.94,73.04,17949922,Houston
2023-04-05,80.96,55.04,15865501,Houston
2023-04-06,64.04,55.04,15127958,Houston
2023-04-07,59.0,53.96,14717648,Houston
2023-04-08,71.96,53.96,13959372,Houston
2023-04-09,71.96,57.02,13844451,Houston
2023-04-10,68.0,57.02,14785761,Houston
2023-04-11,77.0,57.92,15074674,Houston
2023-04-12,75.92,55.04,15165378,Houston
2023-04-13,78.98,53.06,15499602,Houston
2023-04-14,78.08,57.02,15930938,Houston
2023-04-15,89.96,69.08,16467581,Houston
2023-04-16,75.92,55.04,14184685,Houston
2023-04-17,75.92,50.0,15114782,Houston
2023-04-18,78.08,60.08,15498364,Houston
2023-04-19,84.02,64.94,16680612,Houston
2023-04-20,78.08,64.04,16685980,Houston
2023-04-21,78.08,62.96,15724872,Houston
2023-04-22,77.0,55.94,14834364,Houston
2023-04-23,64.94,55.94,14048495,Houston
2023-04-24,73.94,53.96,14657024,Houston
2023-04-25,78.08,60.08,15154567,Houston
2023-04-26,80.96,64.94,16127151,Houston
2023-04-27,75.92,60.08,15612367,Houston
2023-04-28,82.04,55.94,15944140,Houston
2023-04-29,69.98,55.94,14145554,Houston
2023-04-30,84.92,53.06,14985733,Houston
2023-05-01,82.94,55.04,15977796,Houston
2023-05-02,80.96,62.96,16331972,Houston
2023-05-03,84.92,62.96,16729409,Houston
2023-05-04,82.04,62.96,17169582,Houston
2023-05-05,91.94,73.94,19222419,Houston
2023-05-06,89.96,66.92,18452192,Houston
2023-05-07,78.98,73.94,17443200,Houston
2023-05-08,84.02,62.96,18747689,Houston
2023-05-09,78.08,66.92,17686922,Houston
2023-05-10,73.94,66.02,17080880,Houston
2023-05-11,86.0,71.06,18428317,Houston
2023-05-12,87.98,77.0,19257836,Houston
2023-05-13,78.98,68.0,17093326,Houston
2023-05-14,82.94,69.08,16354989,Houston
2023-05-15,86.0,69.08,17583840,Houston
2023-05-16,87.98,66.92,17175607,Houston
2023-05-17,86.0,66.92,17530165,Houston
2023-05-18,89.96,64.94,18409611,Houston
2023-05-19,91.94,69.98,19151330,Houston
2023-05-20,89.96,71.96,16981396,Houston
2023-05-21,80.06,68.0,15502413,Houston
2023-05-22,86.0,69.08,17415701,Houston
2023-05-23,87.98,68.0,18386239,Houston
2023-05-24,87.08,66.92,18343219,Houston
2023-05-25,86.0,68.0,18178072,Houston
2023-05-26,89.96,69.08,18257116,Houston
2023-05-27,89.06,68.0,17509782,Houston
2023-05-28,87.98,68.0,17160244,Houston
2023-05-29,86.0,69.08,17639398,Houston
2023-05-30,89.96,66.92,18499261,Houston
2023-05-31,89.06,69.08,19140834,Houston
2023-06-01,89.06,66.92,19425642,Houston
2023-06-02,91.04,69.08,19661310,Houston
2023-06-03,93.92,71.96,18796720,Houston
2023-06-04,84.02,66.02,17509962,Houston
2023-06-05,89.06,68.0,17959742,Houston
2023-06-06,86.0,68.0,18360805,Houston
2023-06-07,89.96,68.0,19266791,Houston
2023-06-08,91.04,69.08,19476090,Houston
2023-06-09,95.0,66.92,20720929,Houston
2023-06-10,93.02,69.08,20697998,Houston
2023-06-11,93.92,69.08,20866302,Houston
2023-06-12,95.0,73.04,21336988,Houston
2023-06-13,93.92,73.94,20969120,Houston
2023-06-14,95.0,80.06,21591979,Houston
2023-06-15,98.06,80.96,22606180,Houston
2023-06-16,96.98,80.06,22411558,Houston
2023-06-17,96.98,82.04,21963294,Houston
2023-06-18,98.96,80.06,21991223,Houston
2023-06-19,100.04,80.96,23331398,Houston
2023-06-20,100.04,82.94,23754769,Houston
2023-06-21,100.04,71.96,23272134,Houston
2023-06-22,96.98,73.94,21964199,Houston
2023-06-23,98.06,77.0,22400967,Houston
2023-06-24,96.08,78.98,22659897,Houston
2023-06-25,98.06,80.96,23350581,Houston
2023-06-26,96.98,80.96,23924252,Houston
2023-06-27,98.96,80.96,24166079,Houston
2023-06-28,98.06,80.96,23936800,Houston
2023-06-29,98.06,80.06,23870408,Houston
2023-06-30,98.96,80.06,23399347,Houston
2023-07-01,100.04,78.98,21736480,Houston
2023-07-02,96.98,75.92,20816347,Houston
2023-07-03,98.06,77.0,22146035,Houston
2023-07-04,91.94,78.08,21557251,Houston
2023-07-05,93.92,77.0,22501936,Houston
2023-07-06,89.06,73.94,21270918,Houston
2023-07-07,91.04,73.04,21456269,Houston
2023-07-08,93.92,73.94,21828990,Houston
2023-07-09,96.08,80.06,22036506,Houston
2023-07-10,98.06,78.98,23292163,Houston
2023-07-11,98.06,80.96,23529362,Houston
2023-07-12,98.06,82.04,24361073,Houston
2023-07-13,98.96,82.04,24512512,Houston
2023-07-14,98.06,80.96,24311374,Houston
2023-07-15,98.96,80.96,23509417,Houston
2023-07-16,98.96,80.06,22318946,Houston
2023-07-17,98.96,80.96,23842660,Houston
2023-07-18,100.04,80.96,24674397,Houston
2023-07-19,100.04,80.06,24656173,Houston
2023-07-20,98.96,78.98,24314486,Houston
2023-07-21,98.96,78.08,23866155,Houston
2023-07-22,100.94,78.08,22803573,Houston
2023-07-23,100.04,75.02,22202653,Houston
2023-07-24,98.96,73.94,23379438,Houston
2023-07-25,98.06,75.02,23827951,Houston
2023-07-26,98.96,75.92,23814489,Houston
2023-07-27,96.98,75.02,23658050,Houston
2023-07-28,96.98,73.94,23394885,Houston
2023-07-29,98.06,75.02,22878709,Houston
2023-07-30,100.94,77.0,23119463,Houston
2023-07-31,102.92,80.06,24498724,Houston
2023-08-01,102.02,82.04,24936911,Houston
2023-08-02,102.02,78.08,24872082,Houston
2023-08-03,102.02,78.08,24960697,Houston
2023-08-04,102.02,82.04,25143960,Houston
2023-08-05,102.92,80.96,24800065,Houston
2023-08-06,102.02,82.04,24485969,Houston
2023-08-07,100.94,82.04,25279948,Houston
2023-08-08,102.02,82.04,25003923,Houston
2023-08-09,100.94,82.94,25246441,Houston
2023-08-10,102.92,82.04,25588995,Houston
2023-08-11,102.92,82.94,25612515,Houston
2023-08-12,102.92,82.94,25103030,Houston
2023-08-13,102.92,80.96,24817116,Houston
2023-08-14,104.0,80.96,24928009,Houston
2023-08-15,105.08,82.94,23556828,Houston
2023-08-16,100.94,73.04,22977773,Houston
2023-08-17,105.08,71.96,24129552,Houston
2023-08-18,102.92,80.96,24907375,Houston
2023-08-19,102.92,80.96,24483919,Houston
2023-08-20,107.96,82.04,24603485,Houston
2023-08-21,102.02,78.08,25206289,Houston
2023-08-22,96.98,82.04,24138884,Houston
2023-08-23,102.92,78.08,24243231,Houston
2023-08-24,109.04,80.06,24650080,Houston
2023-08-25,102.02,77.0,24826208,Houston
2023-08-26,104.0,78.08,23998625,Houston
2023-08-27,109.04,78.08,23280350,Houston
2023-08-28,98.96,77.0,22936947,Houston
2023-08-29,98.96,78.08,22304871,Houston
2023-08-30,100.94,71.96,22137939,Houston
2023-08-31,100.04,69.98,22311444,Houston
2023-09-01,102.02,71.96,22273498,Houston
2023-09-02,102.92,75.02,21500156,Houston
2023-09-03,100.04,78.98,21724783,Houston
2023-09-04,96.08,78.98,22887552,Houston
2023-09-05,100.94,82.94,24158548,Houston
2023-09-06,102.92,77.0,24229739,Houston
2023-09-07,104.0,80.96,24625397,Houston
2023-09-08,105.98,80.06,24638221,Houston
2023-09-09,96.98,71.06,22518793,Houston
2023-09-10,96.98,69.98,21037447,Houston
2023-09-11,96.08,66.92,20821817,Houston
2023-09-12,96.98,71.96,20293075,Houston
2023-09-13,95.0,75.92,19877451,Houston
2023-09-14,86.0,71.06,19573617,Houston
2023-09-15,91.04,71.06,19657057,Houston
2023-09-16,91.94,73.04,18860597,Houston
2023-09-17,95.0,73.04,19350945,Houston
2023-09-18,93.92,69.08,20196325,Houston
2023-09-19,93.02,68.0,20582850,Houston
2023-09-20,93.02,71.06,21184490,Houston
2023-09-21,96.98,75.02,21793117,Houston
2023-09-22,96.98,75.02,22193176,Houston
2023-09-23,96.98,75.02,22261764,Houston
2023-09-24,98.06,77.0,22253381,Houston
2023-09-25,96.98,73.04,21519151,Houston
2023-09-26,93.02,71.06,20918634,Houston
2023-09-27,96.08,71.96,21065183,Houston
2023-09-28,95.0,73.94,21461073,Houston
2023-09-29,93.92,73.94,21546483,Houston
2023-09-30,95.0,73.04,20708326,Houston
2023-10-01,96.08,71.06,19864785,Houston
2023-10-02,93.92,71.06,20256692,Houston
2023-10-03,80.06,73.04,20027800,Houston
2023-10-04,87.08,77.0,20916472,Houston
2023-10-05,80.96,71.06,18432418,Houston
2023-10-06,87.08,68.0,17624471,Houston
2023-10-07,75.92,60.98,15241953,Houston
2023-10-08,75.92,53.06,14696743,Houston
2023-10-09,82.94,55.04,16536954,Houston
2023-10-10,82.04,62.96,17021315,Houston
2023-10-11,71.96,60.08,16804360,Houston
2023-10-12,80.96,59.0,17203911,Houston
2023-10-13,89.96,64.94,18028549,Houston
2023-10-14,77.0,60.08,15142045,Houston
2023-10-15,73.94,55.04,14316847,Houston
2023-10-16,71.06,51.08,14886881,Houston
2023-10-17,73.94,46.94,15206459,Houston
2023-10-18,82.94,50.0,15745755,Houston
2023-10-19,87.08,59.0,16564641,Houston
2023-10-20,91.94,59.0,17267522,Houston
2023-10-21,93.02,60.08,17103895,Houston
2023-10-22,87.08,66.92,17314186,Houston
2023-10-23,87.08,71.06,18191249,Houston
2023-10-24,87.08,71.06,18136498,Houston
2023-10-25,86.0,71.06,18195923,Houston
2023-10-26,84.02,73.04,18100282,Houston
2023-10-27,87.08,73.94,18487243,Houston
2023-10-28,87.08,71.96,17072790,Houston
2023-10-29,89.06,53.06,16612050,Houston
2023-10-30,53.06,46.04,17220423,Houston
2023-10-31,62.06,46.04,16998215,Houston
2023-11-01,62.06,39.92,16828236,Houston
2023-11-02,66.92,37.04,16415648,Houston
2023-11-03,75.92,44.06,15635483,Houston
2023-11-04,80.06,53.96,14943653,Houston
2023-11-05,82.94,57.92,15570155,Houston
2023-11-06,82.94,57.92,16389579,Houston
2023-11-07,87.08,62.06,17064419,Houston
2023-11-08,84.92,66.02,17346711,Houston
2023-11-09,84.92,62.96,16383160,Houston
2023-11-10,69.08,53.96,15356650,Houston
2023-11-11,59.0,55.04,14591278,Houston
2023-11-12,68.0,57.92,14442538,Houston
2023-11-13,62.06,59.0,15094415,Houston
2023-11-14,73.04,57.92,15082273,Houston
2023-11-15,75.02,53.96,15123209,Houston
2023-11-16,66.02,57.92,15347987,Houston
2023-11-17,78.08,57.02,15468841,Houston
2023-11-18,75.02,57.02,14932665,Houston
2023-11-19,73.04,53.06,14859750,Houston
2023-11-20,82.04,64.94,15946776,Houston
2023-11-21,64.94,46.94,15773921,Houston
2023-11-22,60.08,42.98,16340997,Houston
2023-11-23,55.94,39.92,15760464,Houston
2023-11-24,68.0,44.96,15282402,Houston
2023-11-25,66.92,44.06,15084162,Houston
2023-11-26,60.98,44.96,15792414,Houston
2023-11-27,60.08,39.02,17392872,Houston
2023-11-28,62.96,42.98,16705768,Houston
2023-11-29,66.92,39.92,16561626,Houston
2023-11-30,69.98,57.92,15851344,Houston
2023-12-01,73.94,62.06,15799683,Houston
2023-12-02,64.94,53.96,15517493,Houston
2023-12-03,73.04,48.92,15184167,Houston
2023-12-04,71.06,48.02,15687575,Houston
2023-12-05,71.96,44.06,15988537,Houston
2023-12-06,68.0,44.06,16072919,Houston
2023-12-07,71.96,42.08,16097265,Houston
2023-12-08,78.08,60.98,15844139,Houston
2023-12-09,80.96,59.0,15532276,Houston
2023-12-10,60.08,39.02,16353998,Houston
2023-12-11,64.04,33.08,17390135,Houston
2023-12-12,66.92,41.0,16553059,Houston
2023-12-13,57.02,44.96,16724214,Houston
2023-12-14,73.04,51.98,16475152,Houston
2023-12-15,68.0,57.02,16076741,Houston
2023-12-16,62.96,48.92,15856911,Houston
2023-12-17,68.0,39.92,15955088,Houston
2023-12-18,73.94,42.98,16517246,Houston
2023-12-19,64.94,41.0,16907848,Houston
2023-12-20,69.98,48.02,16216325,Houston
2023-12-21,64.94,55.04,15677844,Houston
2023-12-22,71.96,55.94,15473831,Houston
2023-12-23,75.02,64.04,14553637,Houston
2023-12-24,68.0,53.96,14336528,Houston
2023-12-25,57.92,46.04,15614854,Houston
2023-12-26,57.92,39.02,16650086,Houston
2023-12-27,66.02,42.98,16589533,Houston
2023-12-28,57.92,39.02,16913073,Houston
2023-12-29,55.94,37.04,17408932,Houston
2023-12-30,66.02,35.06,16548968,Houston
2023-12-31,73.04,37.94,15677118,Houston
2023-01-01,55.04,48.92,4776413,New York
2023-01-02,55.94,48.92,5025286,New York
2023-01-03,57.92,46.94,5232659,New York
2023-01-04,66.02,48.92,5127569,New York
2023-01-05,50.0,44.06,5265729,New York
2023-01-06,48.92,39.02,5226469,New York
2023-01-07,44.96,37.04,4959085,New York
2023-01-08,41.0,33.08,5085826,New York
2023-01-09,44.06,37.04,5502028,New York
2023-01-10,41.0,37.94,5485305,New York
2023-01-11,39.02,35.06,5587224,New York
2023-01-12,55.04,37.04,5440475,New York
2023-01-13,57.02,37.94,5299163,New York
2023-01-14,37.94,31.1,5233056,New York
2023-01-15,41.0,30.2,5171125,New York
2023-01-16,48.02,28.22,5381292,New York
2023-01-17,46.94,35.06,5423836,New York
2023-01-18,53.06,42.08,5279355,New York
2023-01-19,44.06,39.92,5489027,New York
2023-01-20,48.92,39.92,5373195,New York
2023-01-21,42.08,37.04,5191518,New York
2023-01-22,42.08,35.96,5115332,New York
2023-01-23,39.02,35.96,5546979,New York
2023-01-24,46.04,35.06,5615522,New York
2023-01-25,53.96,35.06,5602329,New York
2023-01-26,57.02,41.0,5532691,New York
2023-01-27,44.06,35.06,5389981,New York
2023-01-28,51.98,35.96,5037350,New York
2023-01-29,53.06,42.08,4957702,New York
2023-01-30,55.04,42.98,5226866,New York
2023-01-31,50.0,31.1,5457612,New York
2023-02-01,37.94,26.24,5707559,New York
2023-02-02,39.92,29.12,5801295,New York
2023-02-03,35.06,11.12,6262113,New York
2023-02-04,27.14,3.2,6427265,New York
2023-02-05,48.92,27.14,5304887,New York
2023-02-06,51.98,33.98,5360732,New York
2023-02-07,42.98,30.2,5543559,New York
2023-02-08,53.06,39.02,5160987,New York
2023-02-09,55.04,42.08,5468257,New York
2023-02-10,60.98,44.96,5217057,New York
2023-02-11,46.04,35.96,4941106,New York
2023-02-12,48.02,37.94,4917836,New York
2023-02-13,57.02,41.0,5131891,New York
2023-02-14,53.96,39.92,5147780,New York
2023-02-15,66.92,46.94,5075061,New York
2023-02-16,69.98,55.94,4988010,New York
2023-02-17,60.98,32.0,5278190,New York
2023-02-18,42.98,27.14,5001392,New York
2023-02-19,50.0,37.04,4863748,New York
2023-02-20,60.98,46.94,4868412,New York
2023-02-21,50.0,37.04,5290655,New York
2023-02-22,44.06,37.04,5324332,New York
2023-02-23,44.06,37.94,5432292,New York
2023-02-24,44.96,25.16,5446442,New York
2023-02-25,33.08,23.18,5506899,New York
2023-02-26,50.0,30.2,5288311,New York
2023-02-27,46.04,33.08,5407263,New York
2023-02-28,37.94,32.0,5730305,New York
2023-03-01,44.06,33.08,5360036,New York
2023-03-02,53.96,39.02,5323530,New York
2023-03-03,46.94,37.04,5298107,New York
2023-03-04,44.96,37.94,5029970,New York
2023-03-05,53.06,37.94,4739211,New York
2023-03-06,51.98,39.92,4819303,New York
2023-03-07,46.94,33.08,5052333,New York
2023-03-08,48.02,31.1,5172305,New York
2023-03-09,51.08,33.08,4903591,New York
2023-03-10,46.04,35.06,4903809,New York
2023-03-11,44.96,35.06,4569867,New York
2023-03-12,48.02,33.98,4255017,New York
2023-03-13,44.96,37.94,4963920,New York
2023-03-14,37.94,33.08,5293972,New York
2023-03-15,44.96,33.98,5059740,New York
2023-03-16,59.0,33.98,4827435,New York
2023-03-17,60.08,46.94,4866372,New York
2023-03-18,55.94,39.92,4490703,New York
2023-03-19,39.92,29.12,4650598,New York
2023-03-20,51.08,31.1,4883602,New York
2023-03-21,62.96,39.92,4709821,New York
2023-03-22,62.06,48.02,4680304,New York
2023-03-23,60.08,48.02,4814869,New York
2023-03-24,55.04,44.06,4664281,New York
2023-03-25,46.94,42.08,4872993,New York
2023-03-26,62.96,44.06,4501902,New York
2023-03-27,62.06,42.98,4748524,New York
2023-03-28,51.98,42.08,4804455,New York
2023-03-29,55.04,39.02,4788955,New York
2023-03-30,46.04,31.1,4907765,New York
2023-03-31,57.02,37.94,5003786,New York
2023-04-01,71.96,51.08,4671049,New York
2023-04-02,51.08,39.92,4352661,New York
2023-04-03,59.0,39.02,4917299,New York
2023-04-04,73.04,48.02,4709061,New York
2023-04-05,57.02,46.04,4916305,New York
2023-04-06,80.06,46.94,4828539,New York
2023-04-07,60.08,42.08,4579866,New York
2023-04-08,53.96,37.04,4255612,New York
2023-04-09,57.02,39.92,4065111,New York
2023-04-10,68.0,42.08,4272737,New York
2023-04-11,75.02,51.08,4441143,New York
2023-04-12,84.02,64.04,4403799,New York
2023-04-13,89.96,66.92,4718723,New York
2023-04-14,91.04,69.98,4581311,New York
2023-04-15,75.02,59.0,4167478,New York
2023-04-16,71.06,57.02,4064351,New York
2023-04-17,68.0,53.06,4342075,New York
2023-04-18,57.02,44.96,4426737,New York
2023-04-19,64.04,44.96,4418127,New York
2023-04-20,66.02,44.96,4087231,New York
2023-04-21,71.06,51.08,4240044,New York
2023-04-22,66.92,51.08,4227759,New York
2023-04-23,69.08,50.0,4194252,New York
2023-04-24,62.06,44.06,4492792,New York
2023-04-25,60.08,46.04,4515855,New York
2023-04-26,60.08,46.04,4557218,New York
2023-04-27,57.02,48.92,4496842,New York
2023-04-28,55.94,46.94,4543900,New York
2023-04-29,53.06,46.94,4498383,New York
2023-04-30,60.08,50.0,4571094,New York
2023-05-01,60.98,48.92,4663183,New York
2023-05-02,55.94,44.06,4863780,New York
2023-05-03,57.02,46.94,4927831,New York
2023-05-04,55.04,48.02,4931012,New York
2023-05-05,66.02,48.02,4647813,New York
2023-05-06,73.04,48.02,4111520,New York
2023-05-07,78.08,53.96,4171634,New York
2023-05-08,77.0,57.92,4598469,New York
2023-05-09,71.06,53.96,4595927,New York
2023-05-10,73.04,50.0,4661671,New York
2023-05-11,80.06,57.02,4732199,New York
2023-05-12,87.08,64.94,5064318,New York
2023-05-13,82.04,66.02,4684116,New York
2023-05-14,73.94,59.0,4236899,New York
2023-05-15,73.94,51.98,4730407,New York
2023-05-16,78.98,57.92,4883265,New York
2023-05-17,69.08,50.0,4671265,New York
2023-05-18,60.98,42.98,4569968,New York
2023-05-19,69.98,51.98,4769369,New York
2023-05-20,64.94,57.02,4678270,New York
2023-05-21,69.98,55.04,4387688,New York
2023-05-22,75.02,57.02,4666879,New York
2023-05-23,69.98,53.96,4785007,New York
2023-05-24,77.0,53.06,4907226,New York
2023-05-25,68.0,50.0,4672742,New York
2023-05-26,71.96,53.06,4647475,New York
2023-05-27,78.08,55.94,4409975,New York
2023-05-28,78.98,59.0,4368332,New York
2023-05-29,78.98,59.0,4589187,New York
2023-05-30,71.96,55.04,5121614,New York
2023-05-31,77.0,51.08,5259717,New York
2023-06-01,87.08,59.0,5745995,New York
2023-06-02,91.04,66.02,6151572,New York
2023-06-03,69.08,53.96,5093860,New York
2023-06-04,69.08,48.92,4538103,New York
2023-06-05,75.92,55.94,5088699,New York
2023-06-06,78.98,60.08,5097014,New York
2023-06-07,69.08,57.02,5061767,New York
2023-06-08,71.96,55.04,5070209,New York
2023-06-09,71.96,57.92,5002824,New York
2023-06-10,78.08,57.92,4626278,New York
2023-06-11,82.04,64.04,4882468,New York
2023-06-12,78.08,66.02,5735354,New York
2023-06-13,78.08,64.04,5461443,New York
2023-06-14,75.92,62.96,5482189,New York
2023-06-15,77.0,60.98,5349821,New York
2023-06-16,78.98,62.96,5316650,New York
2023-06-17,77.0,62.06,4866441,New York
2023-06-18,80.06,62.06,4771233,New York
2023-06-19,80.96,64.94,5434132,New York
2023-06-20,78.08,64.04,5485029,New York
2023-06-21,73.04,62.06,5292643,New York
2023-06-22,71.96,60.08,5400901,New York
2023-06-23,71.06,64.94,5732004,New York
2023-06-24,78.08,69.08,5716326,New York
2023-06-25,84.92,71.06,5955227,New York
2023-06-26,78.08,68.0,6536310,New York
2023-06-27,78.98,66.02,6348114,New York
2023-06-28,82.04,66.02,6156224,New York
2023-06-29,82.04,64.94,6143178,New York
2023-06-30,84.02,69.98,6376243,New York
2023-07-01,82.04,69.08,5979434,New York
2023-07-02,87.98,69.98,5931115,New York
2023-07-03,89.06,71.96,6727128,New York
2023-07-04,82.94,73.04,6519326,New York
2023-07-05,93.02,71.96,7572350,New York
2023-07-06,89.96,75.02,7795678,New York
2023-07-07,87.08,73.94,7417949,New York
2023-07-08,87.98,75.92,6512542,New York
2023-07-09,82.04,71.96,6246233,New York
2023-07-10,84.02,71.06,6614012,New York
2023-07-11,89.06,68.0,6890771,New York
2023-07-12,91.04,75.92,7206212,New York
2023-07-13,87.98,77.0,7411203,New York
2023-07-14,84.02,71.06,7114407,New York
2023-07-15,87.98,71.06,6832801,New York
2023-07-16,78.08,73.94,6695737,New York
2023-07-17,87.98,73.94,7407487,New York
2023-07-18,84.02,73.04,7298826,New York
2023-07-19,80.06,71.96,6711803,New York
2023-07-20,87.98,71.96,6827853,New York
2023-07-21,84.02,71.06,6731559,New York
2023-07-22,84.92,69.98,5905682,New York
2023-07-23,87.98,69.08,5974503,New York
2023-07-24,84.92,73.94,6857031,New York
2023-07-25,86.0,68.0,6951214,New York
2023-07-26,87.08,68.0,7277491,New York
2023-07-27,91.94,75.02,7991821,New York
2023-07-28,91.94,75.02,8020652,New York
2023-07-29,89.06,69.98,7141984,New York
2023-07-30,80.06,66.02,5587772,New York
2023-07-31,84.92,66.02,6064145,New York
2023-08-01,82.04,64.94,5782715,New York
2023-08-02,80.96,64.04,5671483,New York
2023-08-03,80.06,66.02,6002502,New York
2023-08-04,77.0,71.06,6154302,New York
2023-08-05,87.08,71.06,5722594,New York
2023-08-06,87.08,69.08,5698881,New York
2023-08-07,80.96,68.0,6640227,New York
2023-08-08,80.06,69.98,6590474,New York
2023-08-09,86.0,69.08,6587011,New York
2023-08-10,80.96,69.98,6391456,New York
2023-08-11,84.92,66.92,6129611,New York
2023-08-12,84.92,69.08,6020732,New York
2023-08-13,87.98,69.08,6266517,New York
2023-08-14,87.08,71.96,6533335,New York
2023-08-15,80.06,69.98,6470035,New York
2023-08-16,82.04,69.08,6326452,New York
2023-08-17,78.98,71.96,6384248,New York
2023-08-18,80.06,64.94,6236600,New York
2023-08-19,78.08,62.96,5272315,New York
2023-08-20,84.92,66.02,5615160,New York
2023-08-21,87.98,73.04,6790321,New York
2023-08-22,78.98,66.92,5840546,New York
2023-08-23,80.06,64.04,5622616,New York
2023-08-24,73.04,66.92,5723028,New York
2023-08-25,78.08,69.08,5992594,New York
2023-08-26,84.02,73.04,5631184,New York
2023-08-27,84.02,69.98,5347624,New York
2023-08-28,75.92,69.08,5801029,New York
2023-08-29,80.06,68.0,5999133,New York
2023-08-30,82.94,68.0,6133763,New York
2023-08-31,77.0,64.04,5374657,New York
2023-09-01,75.92,60.98,5208114,New York
2023-09-02,78.98,62.06,5096893,New York
2023-09-03,87.98,68.0,5626770,New York
2023-09-04,89.06,73.04,6508727,New York
2023-09-05,91.94,75.02,7614581,New York
2023-09-06,93.02,77.0,7935102,New York
2023-09-07,93.02,75.92,7755694,New York
2023-09-08,89.96,71.06,7203139,New York
2023-09-09,84.02,69.98,6366238,New York
2023-09-10,77.0,69.08,5883304,New York
2023-09-11,82.04,69.08,6390030,New York
2023-09-12,82.04,68.0,6421935,New York
2023-09-13,78.98,69.98,6083096,New York
2023-09-14,77.0,62.96,5431541,New York
2023-09-15,69.08,57.92,4913806,New York
2023-09-16,75.02,60.08,4609814,New York
2023-09-17,77.0,59.0,4649551,New York
2023-09-18,68.0,60.08,5356177,New York
2023-09-19,71.96,57.92,5085424,New York
2023-09-20,73.94,57.92,4914946,New York
2023-09-21,71.06,57.02,4953869,New York
2023-09-22,71.06,59.0,4881728,New York
2023-09-23,62.96,57.02,4694022,New York
2023-09-24,66.02,62.06,4677943,New York
2023-09-25,66.02,57.02,4920128,New York
2023-09-26,60.08,53.96,4790327,New York
2023-09-27,64.04,50.0,4690999,New York
2023-09-28,64.94,55.94,4738981,New York
2023-09-29,62.96,59.0,4832049,New York
2023-09-30,66.02,57.02,4317285,New York
2023-10-01,75.92,59.0,4330194,New York
2023-10-02,77.0,62.96,5054044,New York
2023-10-03,80.06,60.98,5318023,New York
2023-10-04,82.94,66.02,5651272,New York
2023-10-05,77.0,62.06,5449098,New York
2023-10-06,71.06,66.92,5355565,New York
2023-10-07,69.08,53.06,4609378,New York
2023-10-08,59.0,50.0,4387810,New York
2023-10-09,60.08,48.92,4702571,New York
2023-10-10,62.96,51.98,4923844,New York
2023-10-11,69.08,55.04,4911386,New York
2023-10-12,69.08,53.06,4920663,New York
2023-10-13,62.96,51.08,4631645,New York
2023-10-14,55.94,48.92,4478373,New York
2023-10-15,60.08,50.0,4385462,New York
2023-10-16,62.96,48.02,4860183,New York
2023-10-17,60.98,51.08,4959265,New York
2023-10-18,62.96,51.98,5020260,New York
2023-10-19,64.04,51.98,4905655,New York
2023-10-20,62.96,59.0,5075765,New York
2023-10-21,62.96,55.94,4676628,New York
2023-10-22,57.02,48.02,4554606,New York
2023-10-23,60.08,46.94,4926080,New York
2023-10-24,64.94,46.94,4926757,New York
2023-10-25,71.96,53.06,5023848,New York
2023-10-26,77.0,57.92,5102533,New York
2023-10-27,73.94,62.96,5106628,New York
2023-10-28,80.06,62.96,4799213,New York
2023-10-29,62.96,51.08,4793088,New York
2023-10-30,60.08,50.0,5264125,New York
2023-10-31,51.08,44.96,5211827,New York
2023-11-01,48.92,39.02,5307850,New York
2023-11-02,48.02,35.06,5418014,New York
2023-11-03,55.04,42.08,5238445,New York
2023-11-04,60.98,46.94,4882593,New York
2023-11-05,64.94,48.92,4921008,New York
2023-11-06,55.94,44.06,5383748,New York
2023-11-07,64.04,53.06,5450576,New York
2023-11-08,53.96,42.98,5511348,New York
2023-11-09,57.02,42.08,5736764,New York
2023-11-10,53.06,44.96,5489343,New York
2023-11-11,55.04,42.08,5193203,New York
2023-11-12,44.06,35.96,5251947,New York
2023-11-13,48.92,35.06,5657831,New York
2023-11-14,53.06,42.08,5651904,New York
2023-11-15,53.06,39.02,5513864,New York
2023-11-16,64.94,46.04,5295781,New York
2023-11-17,66.92,51.98,5233638,New York
2023-11-18,62.96,41.0,4828321,New York
2023-11-19,55.04,39.92,5101617,New York
2023-11-20,46.04,37.04,5536595,New York
2023-11-21,48.02,33.08,5941985,New York
2023-11-22,53.96,48.02,5554909,New York
2023-11-23,51.98,44.06,4758989,New York
2023-11-24,51.08,33.08,5158232,New York
2023-11-25,39.92,30.2,5248608,New York
2023-11-26,55.94,35.06,5274798,New York
2023-11-27,55.94,35.96,5635495,New York
2023-11-28,41.0,32.0,6050778,New York
2023-11-29,37.94,27.14,6009132,New York
2023-11-30,51.08,33.98,5742430,New York
2023-12-01,51.08,42.98,5722704,New York
2023-12-02,60.08,46.94,5233319,New York
2023-12-03,53.06,48.02,5328890,New York
2023-12-04,53.96,42.08,5583654,New York
2023-12-05,42.98,37.94,5703090,New York
2023-12-06,42.98,33.08,5797157,New York
2023-12-07,39.02,32.0,5858313,New York
2023-12-08,51.08,37.94,5480535,New York
2023-12-09,59.0,44.06,5189552,New York
2023-12-10,60.98,50.0,5028140,New York
2023-12-11,50.0,37.94,5693527,New York
2023-12-12,44.06,35.96,5714039,New York
2023-12-13,46.94,35.96,5809575,New York
2023-12-14,41.0,33.08,5761949,New York
2023-12-15,57.92,37.04,5500633,New York
2023-12-16,53.96,46.04,5040356,New York
2023-12-17,59.0,46.94,5094839,New York
2023-12-18,62.06,42.08,5526743,New York
2023-12-19,44.06,32.0,5911282,New York
2023-12-20,46.04,30.2,5717115,New York
2023-12-21,42.08,30.2,5615182,New York
2023-12-22,37.04,25.16,5837777,New York
2023-12-23,44.06,33.98,5568492,New York
2023-12-24,48.92,39.92,5211466,New York
2023-12-25,48.92,42.98,4906331,New York
2023-12-26,51.08,44.06,5293754,New York
2023-12-27,50.0,44.96,5430683,New York
2023-12-28,55.04,48.92,5315628,New York
2023-12-29,55.04,46.04,5375690,New York
2023-12-30,46.04,39.02,5336641,New York
2023-12-31,42.98,39.02,5273210,New York
2023-01-01,62.06,48.02,1030305,Phoenix
2023-01-02,57.92,46.94,1048254,Phoenix
2023-01-03,60.98,48.92,940884,Phoenix
2023-01-04,66.02,48.92,895629,Phoenix
2023-01-05,64.04,48.92,880776,Phoenix
2023-01-06,60.98,48.92,896707,Phoenix
2023-01-07,69.08,42.98,901012,Phoenix
2023-01-08,71.06,44.06,958386,Phoenix
2023-01-09,69.08,46.94,1017091,Phoenix
2023-01-10,69.98,48.92,962866,Phoenix
2023-01-11,66.02,48.92,926370,Phoenix
2023-01-12,73.94,44.06,877008,Phoenix
2023-01-13,75.92,50.0,884852,Phoenix
2023-01-14,64.94,48.02,927489,Phoenix
2023-01-15,60.08,50.0,949242,Phoenix
2023-01-16,60.98,50.0,952282,Phoenix
2023-01-17,57.92,46.94,933470,Phoenix
2023-01-18,60.08,44.96,932865,Phoenix
2023-01-19,60.98,42.08,959804,Phoenix
2023-01-20,57.92,44.96,854663,Phoenix
2023-01-21,59.0,37.94,823545,Phoenix
2023-01-22,60.08,39.02,848193,Phoenix
2023-01-23,50.0,37.94,893712,Phoenix
2023-01-24,55.94,35.06,868191,Phoenix
2023-01-25,62.06,37.04,868570,Phoenix
2023-01-26,62.96,35.96,884491,Phoenix
2023-01-27,64.04,37.94,932854,Phoenix
2023-01-28,64.94,39.02,931487,Phoenix
2023-01-29,69.08,39.92,890680,Phoenix
2023-01-30,62.96,46.94,939616,Phoenix
2023-01-31,64.04,44.96,845444,Phoenix
2023-02-01,68.0,42.98,852864,Phoenix
2023-02-02,68.0,42.98,868263,Phoenix
2023-02-03,73.94,44.06,918167,Phoenix
2023-02-04,75.92,46.04,903070,Phoenix
2023-02-05,75.02,46.94,881290,Phoenix
2023-02-06,69.98,48.02,936114,Phoenix
2023-02-07,69.08,42.98,949566,Phoenix
2023-02-08,69.98,42.08,929665,Phoenix
2023-02-09,69.08,42.98,934426,Phoenix
2023-02-10,71.96,48.02,935739,Phoenix
2023-02-11,75.02,53.06,927002,Phoenix
2023-02-12,78.98,48.02,878812,Phoenix
2023-02-13,59.0,46.94,908620,Phoenix
2023-02-14,57.02,42.08,984343,Phoenix
2023-02-15,55.04,39.92,955840,Phoenix
2023-02-16,59.0,35.06,1017024,Phoenix
2023-02-17,66.02,46.94,959676,Phoenix
2023-02-18,73.04,53.06,930962,Phoenix
2023-02-19,75.02,53.06,857379,Phoenix
2023-02-20,75.92,51.08,916773,Phoenix
2023-02-21,68.0,55.04,873456,Phoenix
2023-02-22,60.08,48.92,981472,Phoenix
2023-02-23,60.98,46.94,1080284,Phoenix
2023-02-24,68.0,44.06,1079346,Phoenix
2023-02-25,75.92,51.98,1041513,Phoenix
2023-02-26,59.0,42.98,938242,Phoenix
2023-02-27,64.94,42.08,1002494,Phoenix
2023-02-28,66.02,42.98,979341,Phoenix
2023-03-01,64.04,42.08,1009704,Phoenix
2023-03-02,53.96,41.0,1014850,Phoenix
2023-03-03,62.96,42.98,973258,Phoenix
2023-03-04,69.98,44.96,936720,Phoenix
2023-03-05,71.96,46.94,899839,Phoenix
2023-03-06,73.94,51.98,908276,Phoenix
2023-03-07,73.04,55.94,887627,Phoenix
2023-03-08,75.92,48.02,909262,Phoenix
2023-03-09,73.94,51.08,901465,Phoenix
2023-03-10,78.98,53.06,951190,Phoenix
2023-03-11,78.08,60.98,931292,Phoenix
2023-03-12,82.04,55.94,756443,Phoenix
2023-03-13,80.96,57.02,784535,Phoenix
2023-03-14,80.06,55.04,856245,Phoenix
2023-03-15,68.0,55.04,850295,Phoenix
2023-03-16,71.96,53.06,830718,Phoenix
2023-03-17,73.94,53.06,803201,Phoenix
2023-03-18,73.04,51.08,803380,Phoenix
2023-03-19,71.96,55.04,824497,Phoenix
2023-03-20,73.04,55.94,894104,Phoenix
2023-03-21,66.02,60.08,862391,Phoenix
2023-03-22,64.94,51.98,873194,Phoenix
2023-03-23,69.98,48.02,832140,Phoenix
2023-03-24,69.98,53.06,843684,Phoenix
2023-03-25,71.06,48.02,843451,Phoenix
2023-03-26,71.96,50.0,774095,Phoenix
2023-03-27,73.04,48.92,835511,Phoenix
2023-03-28,80.96,51.08,833826,Phoenix
2023-03-29,82.04,51.08,886133,Phoenix
2023-03-30,66.02,55.94,845471,Phoenix
2023-03-31,69.98,48.02,844522,Phoenix
2023-04-01,80.96,51.98,800424,Phoenix
2023-04-02,82.04,53.06,731777,Phoenix
2023-04-03,82.94,53.96,797441,Phoenix
2023-04-04,64.94,46.94,766586,Phoenix
2023-04-05,69.08,46.04,764759,Phoenix
2023-04-06,78.98,50.0,717179,Phoenix
2023-04-07,82.94,55.04,724626,Phoenix
2023-04-08,84.92,55.04,720057,Phoenix
2023-04-09,89.06,59.0,739430,Phoenix
2023-04-10,98.06,62.06,849383,Phoenix
2023-04-11,98.96,66.02,900452,Phoenix
2023-04-12,91.94,64.04,887733,Phoenix
2023-04-13,82.94,64.04,797495,Phoenix
2023-04-14,78.98,57.92,754372,Phoenix
2023-04-15,86.0,59.0,736890,Phoenix
2023-04-16,89.96,60.98,723231,Phoenix
2023-04-17,91.94,64.04,802988,Phoenix
2023-04-18,87.98,62.96,856301,Phoenix
2023-04-19,82.94,64.04,860342,Phoenix
2023-04-20,86.0,59.0,835318,Phoenix
2023-04-21,89.96,60.98,774722,Phoenix
2023-04-22,93.92,62.06,797010,Phoenix
2023-04-23,96.08,66.02,821026,Phoenix
2023-04-24,91.94,68.0,846863,Phoenix
2023-04-25,91.94,64.94,858524,Phoenix
2023-04-26,89.96,62.96,844406,Phoenix
2023-04-27,96.08,66.02,908441,Phoenix
2023-04-28,98.06,66.92,890117,Phoenix
2023-04-29,98.96,71.06,826254,Phoenix
2023-04-30,102.02,69.98,816834,Phoenix
2023-05-01,95.0,71.96,822437,Phoenix
2023-05-02,91.94,66.02,767575,Phoenix
2023-05-03,89.06,68.0,766480,Phoenix
2023-05-04,82.94,64.04,725828,Phoenix
2023-05-05,82.04,60.98,699587,Phoenix
2023-05-06,87.08,62.06,670125,Phoenix
2023-05-07,89.96,62.96,663802,Phoenix
2023-05-08,93.02,64.94,719619,Phoenix
2023-05-09,93.02,66.92,786650,Phoenix
2023-05-10,80.96,66.02,749557,Phoenix
2023-05-11,89.96,62.06,783203,Phoenix
2023-05-12,96.98,66.02,796231,Phoenix
2023-05-13,100.04,71.06,870342,Phoenix
2023-05-14,100.94,73.04,929264,Phoenix
2023-05-15,102.92,78.08,1026564,Phoenix
2023-05-16,105.08,82.04,1051997,Phoenix
2023-05-17,102.02,78.08,1071602,Phoenix
2023-05-18,100.04,75.02,1001181,Phoenix
2023-05-19,93.92,73.04,894883,Phoenix
2023-05-20,98.06,69.98,868235,Phoenix
2023-05-21,100.94,75.02,886577,Phoenix
2023-05-22,102.92,78.08,1073451,Phoenix
2023-05-23,102.02,75.02,1102148,Phoenix
2023-05-24,100.04,73.94,1084225,Phoenix
2023-05-25,100.04,73.04,1030639,Phoenix
2023-05-26,98.96,71.96,943567,Phoenix
2023-05-27,98.96,71.06,888835,Phoenix
2023-05-28,100.94,71.06,836205,Phoenix
2023-05-29,100.94,73.04,914942,Phoenix
2023-05-30,100.04,73.94,982071,Phoenix
2023-05-31,93.92,69.98,895901,Phoenix
2023-06-01,91.94,69.08,911270,Phoenix
2023-06-02,95.0,73.94,949953,Phoenix
2023-06-03,102.02,75.02,1111485,Phoenix
2023-06-04,105.08,77.0,1142434,Phoenix
2023-06-05,107.06,78.08,1170464,Phoenix
2023-06-06,100.94,73.04,1076173,Phoenix
2023-06-07,98.06,69.08,999232,Phoenix
2023-06-08,98.06,71.06,941355,Phoenix
2023-06-09,96.98,71.96,939290,Phoenix
2023-06-10,100.94,73.04,1005187,Phoenix
2023-06-11,96.08,73.04,863037,Phoenix
2023-06-12,93.02,71.06,900738,Phoenix
2023-06-13,96.08,73.94,928582,Phoenix
2023-06-14,100.94,73.94,947261,Phoenix
2023-06-15,100.94,77.0,946313,Phoenix
2023-06-16,104.0,75.92,942098,Phoenix
2023-06-17,105.98,75.92,928093,Phoenix
2023-06-18,109.04,78.08,1005776,Phoenix
2023-06-19,105.08,78.08,1040822,Phoenix
2023-06-20,105.08,80.96,1066936,Phoenix
2023-06-21,109.04,77.0,1051830,Phoenix
2023-06-22,109.04,77.0,1037936,Phoenix
2023-06-23,102.92,77.0,963026,Phoenix
2023-06-24,105.98,71.96,957744,Phoenix
2023-06-25,111.02,78.08,1001107,Phoenix
2023-06-26,111.92,80.96,1107678,Phoenix
2023-06-27,111.02,80.96,1142019,Phoenix
2023-06-28,107.96,80.06,1092445,Phoenix
2023-06-29,107.96,78.08,1194918,Phoenix
2023-06-30,109.94,78.08,1200448,Phoenix
2023-07-01,114.08,80.96,1229596,Phoenix
2023-07-02,114.98,86.0,1259628,Phoenix
2023-07-03,116.06,87.08,1289855,Phoenix
2023-07-04,113.0,89.06,1276970,Phoenix
2023-07-05,111.02,89.06,1262217,Phoenix
2023-07-06,114.98,84.92,1367943,Phoenix
2023-07-07,111.92,86.0,1313548,Phoenix
2023-07-08,113.0,86.0,1323895,Phoenix
2023-07-09,111.92,89.06,1286528,Phoenix
2023-07-10,109.94,91.04,1414709,Phoenix
2023-07-11,111.02,91.04,1427620,Phoenix
2023-07-12,111.02,93.92,1469826,Phoenix
2023-07-13,114.08,95.0,1547281,Phoenix
2023-07-14,116.06,93.02,1532779,Phoenix
2023-07-15,118.04,91.94,1573922,Phoenix
2023-07-16,114.08,93.92,1558369,Phoenix
2023-07-17,116.06,95.0,1606561,Phoenix
2023-07-18,118.04,93.92,1650839,Phoenix
2023-07-19,118.94,96.98,1628462,Phoenix
2023-07-20,118.94,93.02,1617582,Phoenix
2023-07-21,116.96,91.94,1603307,Phoenix
2023-07-22,118.04,96.08,1604786,Phoenix
2023-07-23,114.08,91.94,1612618,Phoenix
2023-07-24,116.06,93.92,1572827,Phoenix
2023-07-25,118.94,93.02,1666529,Phoenix
2023-07-26,118.04,87.98,1531636,Phoenix
2023-07-27,114.98,89.06,1424586,Phoenix
2023-07-28,116.06,93.02,1423632,Phoenix
2023-07-29,114.98,95.0,1382235,Phoenix
2023-07-30,111.92,93.02,1365888,Phoenix
2023-07-31,107.96,82.94,1404184,Phoenix
2023-08-01,109.04,86.0,1312486,Phoenix
2023-08-02,111.02,93.02,1382731,Phoenix
2023-08-03,113.0,91.94,1462210,Phoenix
2023-08-04,114.98,87.08,1383983,Phoenix
2023-08-05,116.06,89.96,1426941,Phoenix
2023-08-06,114.08,89.96,1393697,Phoenix
2023-08-07,111.02,91.04,1504699,Phoenix
2023-08-08,109.94,84.02,1449127,Phoenix
2023-08-09,111.02,89.96,1424822,Phoenix
2023-08-10,109.04,91.04,1385797,Phoenix
2023-08-11,107.96,89.06,1341726,Phoenix
2023-08-12,107.96,89.06,1290738,Phoenix
2023-08-13,109.94,87.98,1301382,Phoenix
2023-08-14,105.98,89.96,1350854,Phoenix
2023-08-15,111.02,89.96,1458611,Phoenix
2023-08-16,114.98,87.08,1416710,Phoenix
2023-08-17,114.08,93.02,1471798,Phoenix
2023-08-18,105.98,87.98,1400037,Phoenix
2023-08-19,95.0,82.94,1109804,Phoenix
2023-08-20,102.02,82.94,1051271,Phoenix
2023-08-21,91.04,78.08,1012479,Phoenix
2023-08-22,105.08,77.0,1069799,Phoenix
2023-08-23,107.96,84.92,1203645,Phoenix
2023-08-24,105.98,87.98,1277985,Phoenix
2023-08-25,111.02,89.06,1273357,Phoenix
2023-08-26,113.0,91.94,1307553,Phoenix
2023-08-27,114.08,89.96,1323971,Phoenix
2023-08-28,116.96,93.02,1460120,Phoenix
2023-08-29,116.06,93.02,1532535,Phoenix
2023-08-30,111.02,93.02,1505468,Phoenix
2023-08-31,109.04,75.92,1486420,Phoenix
2023-09-01,89.96,78.08,1178978,Phoenix
2023-09-02,98.96,80.06,1060096,Phoenix
2023-09-03,102.02,80.06,1097042,Phoenix
2023-09-04,105.08,86.0,1065972,Phoenix
2023-09-05,105.08,78.08,1056042,Phoenix
2023-09-06,107.96,78.98,1141637,Phoenix
2023-09-07,109.04,78.98,1229165,Phoenix
2023-09-08,109.94,86.0,1304598,Phoenix
2023-09-09,114.08,87.08,1394799,Phoenix
2023-09-10,113.0,89.96,1439097,Phoenix
2023-09-11,105.98,89.06,1384425,Phoenix
2023-09-12,102.02,78.98,1296161,Phoenix
2023-09-13,98.96,75.92,1176825,Phoenix
2023-09-14,102.02,80.06,1203437,Phoenix
2023-09-15,104.0,80.06,1230608,Phoenix
2023-09-16,107.06,78.98,1152064,Phoenix
2023-09-17,105.98,80.96,1097429,Phoenix
2023-09-18,102.92,78.08,1196601,Phoenix
2023-09-19,102.02,75.92,1195321,Phoenix
2023-09-20,102.02,77.0,1164458,Phoenix
2023-09-21,98.96,71.96,1112482,Phoenix
2023-09-22,98.96,75.02,1123985,Phoenix
2023-09-23,96.08,78.08,1106967,Phoenix
2023-09-24,100.04,73.94,1019830,Phoenix
2023-09-25,102.02,75.92,1108234,Phoenix
2023-09-26,105.08,75.02,1149384,Phoenix
2023-09-27,105.98,77.0,1134800,Phoenix
2023-09-28,104.0,75.92,1102219,Phoenix
2023-09-29,102.02,71.96,1092856,Phoenix
2023-09-30,100.94,73.94,1070735,Phoenix
2023-10-01,87.98,71.06,907578,Phoenix
2023-10-02,87.98,69.08,911885,Phoenix
2023-10-03,89.06,68.0,953349,Phoenix
2023-10-04,95.0,68.0,986513,Phoenix
2023-10-05,100.04,69.98,1125214,Phoenix
2023-10-06,104.0,69.98,1236907,Phoenix
2023-10-07,102.92,82.04,1324291,Phoenix
2023-10-08,100.04,78.98,1255722,Phoenix
2023-10-09,102.02,78.08,1315504,Phoenix
2023-10-10,98.96,75.02,1284736,Phoenix
2023-10-11,93.92,73.94,1189773,Phoenix
2023-10-12,91.04,69.08,1087417,Phoenix
2023-10-13,91.04,64.94,994360,Phoenix
2023-10-14,93.92,66.92,931036,Phoenix
2023-10-15,102.02,66.92,904288,Phoenix
2023-10-16,105.08,73.04,1029095,Phoenix
2023-10-17,100.94,75.02,1036399,Phoenix
2023-10-18,102.02,71.96,1009469,Phoenix
2023-10-19,104.0,71.96,1052230,Phoenix
2023-10-20,104.0,71.06,1013222,Phoenix
2023-10-21,100.94,71.96,995094,Phoenix
2023-10-22,98.06,69.98,892210,Phoenix
2023-10-23,87.98,69.98,882046,Phoenix
2023-10-24,87.08,69.08,930339,Phoenix
2023-10-25,84.92,66.92,948857,Phoenix
2023-10-26,86.0,68.0,900096,Phoenix
2023-10-27,89.06,66.92,963309,Phoenix
2023-10-28,87.08,64.94,907053,Phoenix
2023-10-29,80.06,60.98,781179,Phoenix
2023-10-30,80.96,55.04,797273,Phoenix
2023-10-31,82.04,60.98,803349,Phoenix
2023-11-01,82.94,60.98,838634,Phoenix
2023-11-02,87.08,57.02,883979,Phoenix
2023-11-03,89.06,59.0,860860,Phoenix
2023-11-04,89.06,60.98,753639,Phoenix
2023-11-05,93.02,60.98,791228,Phoenix
2023-11-06,93.02,64.04,871922,Phoenix
2023-11-07,91.04,62.06,856071,Phoenix
2023-11-08,80.96,62.06,762746,Phoenix
2023-11-09,78.98,55.94,765193,Phoenix
2023-11-10,78.08,53.96,750249,Phoenix
2023-11-11,80.96,53.96,714793,Phoenix
2023-11-12,84.02,60.08,739685,Phoenix
2023-11-13,87.98,62.06,838868,Phoenix
2023-11-14,89.06,68.0,841371,Phoenix
2023-11-15,87.98,66.92,780637,Phoenix
2023-11-16,80.06,64.94,787553,Phoenix
2023-11-17,82.04,62.06,769209,Phoenix
2023-11-18,75.02,62.96,703750,Phoenix
2023-11-19,75.02,57.92,788749,Phoenix
2023-11-20,75.92,53.96,839339,Phoenix
2023-11-21,78.98,55.94,810477,Phoenix
2023-11-22,78.08,53.96,806152,Phoenix
2023-11-23,73.04,55.04,802661,Phoenix
2023-11-24,73.04,51.98,795904,Phoenix
2023-11-25,69.98,53.96,769110,Phoenix
2023-11-26,71.96,46.94,755407,Phoenix
2023-11-27,75.02,51.98,794792,Phoenix
2023-11-28,78.08,55.94,788735,Phoenix
2023-11-29,73.04,53.96,790742,Phoenix
2023-11-30,66.02,53.06,827583,Phoenix
2023-12-01,64.94,51.98,673883,Phoenix
2023-12-02,66.02,48.02,655384,Phoenix
2023-12-03,69.08,46.94,670681,Phoenix
2023-12-04,69.08,48.02,703512,Phoenix
2023-12-05,82.04,50.0,740260,Phoenix
2023-12-06,84.02,55.94,834750,Phoenix
2023-12-07,78.08,53.06,855931,Phoenix
2023-12-08,73.04,50.0,898499,Phoenix
2023-12-09,68.0,44.96,832076,Phoenix
2023-12-10,73.04,44.06,829455,Phoenix
2023-12-11,73.94,44.96,851304,Phoenix
2023-12-12,71.06,51.08,762203,Phoenix
2023-12-13,69.98,44.96,807226,Phoenix
2023-12-14,69.98,44.06,770935,Phoenix
2023-12-15,78.08,46.04,794832,Phoenix
2023-12-16,80.06,51.98,779956,Phoenix
2023-12-17,80.96,48.92,840077,Phoenix
2023-12-18,75.02,53.96,863077,Phoenix
2023-12-19,77.0,59.0,1039614,Phoenix
2023-12-20,77.0,60.08,938170,Phoenix
2023-12-21,78.08,55.94,906393,Phoenix
2023-12-22,62.96,55.04,906249,Phoenix
2023-12-23,59.0,51.08,849263,Phoenix
2023-12-24,64.04,46.94,865188,Phoenix
2023-12-25,64.04,46.94,854280,Phoenix
2023-12-26,64.04,44.96,946756,Phoenix
2023-12-27,66.92,42.98,969052,Phoenix
2023-12-28,69.08,44.96,1052168,Phoenix
2023-12-29,73.04,44.06,953728,Phoenix
2023-12-30,75.92,51.08,961141,Phoenix
2023-12-31,64.04,46.04,914597,Phoenix
2023-01-01,46.04,35.06,265422,Seattle
2023-01-02,50.0,29.12,252161,Seattle
2023-01-03,48.92,37.04,266363,Seattle
2023-01-04,50.0,39.92,274496,Seattle
2023-01-05,59.0,48.02,272508,Seattle
2023-01-06,53.06,41.0,271790,Seattle
2023-01-07,48.92,39.92,249672,Seattle
2023-01-08,48.92,39.92,232506,Seattle
2023-01-09,55.94,42.98,254935,Seattle
2023-01-10,53.96,44.96,255950,Seattle
2023-01-11,57.02,44.06,247742,Seattle
2023-01-12,53.06,46.94,243296,Seattle
2023-01-13,53.96,46.94,229307,Seattle
2023-01-14,59.0,46.04,203099,Seattle
2023-01-15,50.0,44.06,219724,Seattle
2023-01-16,50.0,39.92,241530,Seattle
2023-01-17,48.02,41.0,286109,Seattle
2023-01-18,46.04,37.94,261186,Seattle
2023-01-19,42.08,35.96,255271,Seattle
2023-01-20,46.94,35.06,263824,Seattle
2023-01-21,42.98,32.0,249189,Seattle
2023-01-22,44.06,35.06,253245,Seattle
2023-01-23,46.04,35.06,274099,Seattle
2023-01-24,44.06,37.04,265354,Seattle
2023-01-25,46.04,41.0,270789,Seattle
2023-01-26,44.06,39.02,275879,Seattle
2023-01-27,48.02,42.08,251786,Seattle
2023-01-28,44.06,35.96,243147,Seattle
2023-01-29,39.92,28.22,276144,Seattle
2023-01-30,39.02,24.26,331260,Seattle
2023-01-31,41.0,31.1,327194,Seattle
2023-02-01,46.94,32.0,309679,Seattle
2023-02-02,51.08,32.0,313784,Seattle
2023-02-03,50.0,37.94,293652,Seattle
2023-02-04,51.98,44.06,254719,Seattle
2023-02-05,46.94,42.08,260374,Seattle
2023-02-06,48.02,42.08,250806,Seattle
2023-02-07,50.0,41.0,252945,Seattle
2023-02-08,48.02,39.02,248590,Seattle
2023-02-09,57.02,42.08,259551,Seattle
2023-02-10,51.98,42.08,262843,Seattle
2023-02-11,48.02,37.94,250998,Seattle
2023-02-12,50.0,32.0,241957,Seattle
2023-02-13,46.04,33.08,249069,Seattle
2023-02-14,42.98,29.12,259753,Seattle
2023-02-15,44.06,28.22,269136,Seattle
2023-02-16,44.96,33.98,284202,Seattle
2023-02-17,46.04,39.02,260419,Seattle
2023-02-18,46.94,39.92,238905,Seattle
2023-02-19,48.02,39.92,224688,Seattle
2023-02-20,46.94,42.08,246845,Seattle
2023-02-21,44.06,35.06,246619,Seattle
2023-02-22,37.94,30.2,255252,Seattle
2023-02-23,35.06,26.24,264596,Seattle
2023-02-24,39.02,22.1,312626,Seattle
2023-02-25,42.08,24.26,283605,Seattle
2023-02-26,46.04,32.0,258139,Seattle
2023-02-27,42.08,32.0,309010,Seattle
2023-02-28,44.96,31.1,273387,Seattle
2023-03-01,44.96,28.22,283659,Seattle
2023-03-02,48.02,35.96,277728,Seattle
2023-03-03,42.08,35.96,259668,Seattle
2023-03-04,44.96,35.06,257020,Seattle
2023-03-05,48.92,29.12,223506,Seattle
2023-03-06,48.92,31.1,255455,Seattle
2023-03-07,51.08,35.96,256370,Seattle
2023-03-08,44.06,33.08,271289,Seattle
2023-03-09,48.92,33.08,261314,Seattle
2023-03-10,50.0,37.94,262509,Seattle
2023-03-11,51.98,39.02,242247,Seattle
2023-03-12,46.94,31.1,252838,Seattle
2023-03-13,48.02,37.04,257137,Seattle
2023-03-14,51.08,33.98,272118,Seattle
2023-03-15,51.08,39.02,261684,Seattle
2023-03-16,53.96,33.08,264391,Seattle
2023-03-17,62.06,39.02,260002,Seattle
2023-03-18,64.94,39.92,246900,Seattle
2023-03-19,60.08,46.04,227068,Seattle
2023-03-20,55.94,46.04,249163,Seattle
2023-03-21,57.02,42.08,277286,Seattle
2023-03-22,60.98,37.94,255644,Seattle
2023-03-23,50.0,37.94,249439,Seattle
2023-03-24,46.94,37.04,257122,Seattle
2023-03-25,48.02,35.96,247523,Seattle
2023-03-26,50.0,35.96,241536,Seattle
2023-03-27,59.0,32.0,275520,Seattle
2023-03-28,59.0,48.92,264465,Seattle
2023-03-29,60.98,41.0,261160,Seattle
2023-03-30,53.06,42.98,231650,Seattle
2023-03-31,48.02,41.0,254123,Seattle
2023-04-01,48.02,37.94,236081,Seattle
2023-04-02,46.04,35.06,257740,Seattle
2023-04-03,48.02,35.06,280543,Seattle
2023-04-04,51.08,35.06,275112,Seattle
2023-04-05,53.06,35.96,262354,Seattle
2023-04-06,53.06,44.06,256681,Seattle
2023-04-07,57.02,46.04,243680,Seattle
2023-04-08,51.08,44.96,248926,Seattle
2023-04-09,55.04,46.04,202412,Seattle
2023-04-10,46.94,42.08,256395,Seattle
2023-04-11,51.98,39.02,239834,Seattle
2023-04-12,53.96,37.94,253274,Seattle
2023-04-13,51.98,37.94,252173,Seattle
2023-04-14,55.94,37.04,260436,Seattle
2023-04-15,51.08,42.08,257563,Seattle
2023-04-16,51.08,37.94,246347,Seattle
2023-04-17,51.08,35.96,283871,Seattle
2023-04-18,48.02,37.94,257575,Seattle
2023-04-19,51.08,39.02,269090,Seattle
2023-04-20,46.94,37.04,296980,Seattle
2023-04-21,51.98,42.98,262039,Seattle
2023-04-22,62.96,44.96,256162,Seattle
2023-04-23,53.96,44.96,228415,Seattle
2023-04-24,57.92,44.96,240219,Seattle
2023-04-25,59.0,44.06,232425,Seattle
2023-04-26,66.92,42.98,244689,Seattle
2023-04-27,68.0,50.0,240124,Seattle
2023-04-28,80.06,48.92,240021,Seattle
2023-04-29,75.92,53.96,242166,Seattle
2023-04-30,60.98,48.02,230729,Seattle
2023-05-01,55.94,48.92,263696,Seattle
2023-05-02,69.98,50.0,303138,Seattle
2023-05-03,73.04,51.08,327127,Seattle
2023-05-04,55.94,48.02,360546,Seattle
2023-05-05,51.08,48.02,365054,Seattle
2023-05-06,62.06,46.94,361861,Seattle
2023-05-07,62.06,48.92,315165,Seattle
2023-05-08,66.02,50.0,334066,Seattle
2023-05-09,64.04,48.02,317298,Seattle
2023-05-10,71.06,44.96,320607,Seattle
2023-05-11,75.02,50.0,352129,Seattle
2023-05-12,82.04,51.98,365342,Seattle
2023-05-13,86.0,55.04,345544,Seattle
2023-05-14,89.06,59.0,327891,Seattle
2023-05-15,87.98,57.92,370870,Seattle
2023-05-16,78.08,55.04,368629,Seattle
2023-05-17,80.06,53.96,378935,Seattle
2023-05-18,75.92,55.04,372348,Seattle
2023-05-19,75.92,53.06,357157,Seattle
2023-05-20,78.08,53.96,343724,Seattle
2023-05-21,60.08,51.98,275932,Seattle
2023-05-22,64.94,48.92,331303,Seattle
2023-05-23,66.02,46.94,361496,Seattle
2023-05-24,71.06,53.96,362774,Seattle
2023-05-25,77.0,53.06,365362,Seattle
2023-05-26,82.04,55.94,360208,Seattle
2023-05-27,69.98,51.08,344504,Seattle
2023-05-28,64.04,48.02,335684,Seattle
2023-05-29,68.0,48.02,343381,Seattle
2023-05-30,62.96,48.02,325264,Seattle
2023-05-31,64.04,50.0,320221,Seattle
2023-06-01,69.08,50.0,310796,Seattle
2023-06-02,71.96,50.0,301635,Seattle
2023-06-03,73.94,48.92,277199,Seattle
2023-06-04,69.98,51.98,259540,Seattle
2023-06-05,73.04,48.92,253939,Seattle
2023-06-06,82.04,55.04,253461,Seattle
2023-06-07,87.08,55.94,261668,Seattle
2023-06-08,73.04,53.06,262881,Seattle
2023-06-09,55.94,51.98,247548,Seattle
2023-06-10,62.06,51.98,251023,Seattle
2023-06-11,71.06,53.96,263297,Seattle
2023-06-12,84.02,57.02,294489,Seattle
2023-06-13,66.02,51.98,295979,Seattle
2023-06-14,66.02,51.98,308493,Seattle
2023-06-15,71.96,46.94,306503,Seattle
2023-06-16,71.96,51.98,300066,Seattle
2023-06-17,59.0,51.08,287397,Seattle
2023-06-18,62.06,46.94,275732,Seattle
2023-06-19,62.06,46.94,282828,Seattle
2023-06-20,60.08,50.0,286613,Seattle
2023-06-21,71.06,51.08,278834,Seattle
2023-06-22,78.08,51.08,282421,Seattle
2023-06-23,80.96,53.96,292687,Seattle
2023-06-24,71.06,51.98,272616,Seattle
2023-06-25,78.98,51.08,251251,Seattle
2023-06-26,73.94,53.06,283982,Seattle
2023-06-27,73.94,53.96,273858,Seattle
2023-06-28,78.98,53.96,252400,Seattle
2023-06-29,80.96,55.04,260391,Seattle
2023-06-30,78.98,57.92,278478,Seattle
2023-07-01,80.06,57.02,254400,Seattle
2023-07-02,80.06,55.94,244323,Seattle
2023-07-03,82.04,55.04,256993,Seattle
2023-07-04,87.98,57.92,249610,Seattle
2023-07-05,91.04,60.98,275040,Seattle
2023-07-06,82.94,57.02,244596,Seattle
2023-07-07,73.94,55.04,251760,Seattle
2023-07-08,73.94,53.96,226717,Seattle
2023-07-09,78.98,53.96,224727,Seattle
2023-07-10,73.04,53.96,217539,Seattle
2023-07-11,77.0,55.04,234381,Seattle
2023-07-12,75.02,53.96,218631,Seattle
2023-07-13,80.06,53.96,219767,Seattle
2023-07-14,87.08,57.92,235345,Seattle
2023-07-15,91.04,60.98,226398,Seattle
2023-07-16,82.94,57.02,209330,Seattle
2023-07-17,77.0,60.08,212759,Seattle
2023-07-18,80.96,57.92,209838,Seattle
2023-07-19,89.06,60.98,214817,Seattle
2023-07-20,82.04,60.08,228039,Seattle
2023-07-21,78.08,57.92,211424,Seattle
2023-07-22,80.96,55.94,204605,Seattle
2023-07-23,84.02,59.0,194786,Seattle
2023-07-24,73.04,57.02,206238,Seattle
2023-07-25,73.94,55.94,192832,Seattle
2023-07-26,75.92,57.92,192749,Seattle
2023-07-27,78.98,55.94,196110,Seattle
2023-07-28,78.98,55.94,195136,Seattle
2023-07-29,77.0,55.94,185330,Seattle
2023-07-30,77.0,57.92,202169,Seattle
2023-07-31,78.08,57.02,209294,Seattle
2023-08-01,82.94,57.92,205257,Seattle
2023-08-02,84.02,60.08,192836,Seattle
2023-08-03,84.02,59.0,182270,Seattle
2023-08-04,84.92,60.08,188283,Seattle
2023-08-05,71.96,62.06,173921,Seattle
2023-08-06,75.92,62.06,169821,Seattle
2023-08-07,77.0,60.98,177217,Seattle
2023-08-08,78.98,60.08,190902,Seattle
2023-08-09,77.0,60.08,196118,Seattle
2023-08-10,73.94,60.08,203093,Seattle
2023-08-11,78.98,59.0,201091,Seattle
2023-08-12,82.04,62.96,199590,Seattle
2023-08-13,89.06,62.96,172991,Seattle
2023-08-14,93.92,71.06,192554,Seattle
2023-08-15,95.0,68.0,191550,Seattle
2023-08-16,95.0,66.92,193322,Seattle
2023-08-17,91.04,62.06,187874,Seattle
2023-08-18,75.02,57.02,188950,Seattle
2023-08-19,77.0,51.98,182247,Seattle
2023-08-20,80.06,57.92,175336,Seattle
2023-08-21,75.02,53.06,178158,Seattle
2023-08-22,71.96,53.96,175824,Seattle
2023-08-23,73.04,57.02,186733,Seattle
2023-08-24,78.08,55.94,195915,Seattle
2023-08-25,86.0,60.98,193152,Seattle
2023-08-26,87.98,59.0,192577,Seattle
2023-08-27,84.02,59.0,188665,Seattle
2023-08-28,66.92,60.98,198597,Seattle
2023-08-29,62.06,57.92,197392,Seattle
2023-08-30,73.94,59.0,194848,Seattle
2023-08-31,69.08,59.0,194202,Seattle
2023-09-01,78.08,60.08,186291,Seattle
2023-09-02,87.08,57.92,178081,Seattle
2023-09-03,69.08,57.02,170509,Seattle
2023-09-04,66.02,53.06,178178,Seattle
2023-09-05,69.98,53.06,207788,Seattle
2023-09-06,73.94,53.06,220062,Seattle
2023-09-07,69.08,55.04,215783,Seattle
2023-09-08,75.02,51.98,211287,Seattle
2023-09-09,80.96,55.94,199641,Seattle
2023-09-10,80.06,53.96,200656,Seattle
2023-09-11,73.04,57.92,211172,Seattle
2023-09-12,69.08,55.04,210785,Seattle
2023-09-13,73.94,53.96,210529,Seattle
2023-09-14,77.0,53.96,217122,Seattle
2023-09-15,84.02,53.96,217908,Seattle
2023-09-16,78.08,55.04,202338,Seattle
2023-09-17,69.98,55.04,194545,Seattle
2023-09-18,66.92,53.96,211527,Seattle
2023-09-19,66.92,53.06,212576,Seattle
2023-09-20,64.04,51.08,219737,Seattle
2023-09-21,69.98,48.02,236364,Seattle
2023-09-22,75.92,51.08,240395,Seattle
2023-09-23,64.04,53.96,206284,Seattle
2023-09-24,64.04,51.98,211927,Seattle
2023-09-25,62.96,55.04,232036,Seattle
2023-09-26,64.94,51.08,230773,Seattle
2023-09-27,60.08,51.98,218816,Seattle
2023-09-28,62.96,51.98,221128,Seattle
2023-09-29,59.0,46.04,258893,Seattle
2023-09-30,62.06,48.02,250385,Seattle
2023-10-01,64.04,44.96,239081,Seattle
2023-10-02,57.02,51.08,251543,Seattle
2023-10-03,64.04,53.06,240936,Seattle
2023-10-04,68.0,53.06,245542,Seattle
2023-10-05,66.92,55.04,266660,Seattle
2023-10-06,75.02,51.98,260657,Seattle
2023-10-07,78.98,51.08,256182,Seattle
2023-10-08,69.08,55.04,257022,Seattle
2023-10-09,62.96,53.06,265603,Seattle
2023-10-10,62.06,50.0,264865,Seattle
2023-10-11,60.98,50.0,261621,Seattle
2023-10-12,64.94,48.02,264872,Seattle
2023-10-13,73.04,50.0,277350,Seattle
2023-10-14,62.06,55.04,268514,Seattle
2023-10-15,62.96,53.96,274950,Seattle
2023-10-16,62.06,51.08,285047,Seattle
2023-10-17,60.08,48.92,271418,Seattle
2023-10-18,71.06,51.08,278360,Seattle
2023-10-19,66.92,60.08,267654,Seattle
2023-10-20,62.06,53.06,275184,Seattle
2023-10-21,57.92,51.98,242947,Seattle
2023-10-22,55.94,50.0,255293,Seattle
2023-10-23,53.06,46.04,275552,Seattle
2023-10-24,51.98,42.98,280532,Seattle
2023-10-25,51.08,39.92,277108,Seattle
2023-10-26,51.98,37.04,281058,Seattle
2023-10-27,50.0,35.06,273919,Seattle
2023-10-28,51.08,33.08,259219,Seattle
2023-10-29,55.04,32.0,259797,Seattle
2023-10-30,57.92,37.04,295312,Seattle
2023-10-31,53.06,35.96,275749,Seattle
2023-11-01,55.04,42.98,259056,Seattle
2023-11-02,60.08,50.0,264307,Seattle
2023-11-03,57.92,48.02,251644,Seattle
2023-11-04,62.96,51.98,243601,Seattle
2023-11-05,60.08,46.04,258393,Seattle
2023-11-06,53.06,46.94,268554,Seattle
2023-11-07,55.04,44.96,248092,Seattle
2023-11-08,53.96,42.08,259829,Seattle
2023-11-09,48.02,37.04,262431,Seattle
2023-11-10,51.08,44.06,267784,Seattle
2023-11-11,53.06,46.04,234446,Seattle
2023-11-12,51.08,46.04,272273,Seattle
2023-11-13,53.06,39.92,267759,Seattle
2023-11-14,50.0,33.98,264301,Seattle
2023-11-15,48.02,37.04,260966,Seattle
2023-11-16,48.92,33.08,264746,Seattle
2023-11-17,51.98,33.08,261716,Seattle
2023-11-18,51.08,35.06,240738,Seattle
2023-11-19,51.08,42.08,215310,Seattle
2023-11-20,50.0,35.96,251195,Seattle
2023-11-21,53.96,37.04,226953,Seattle
2023-11-22,48.92,39.92,226754,Seattle
2023-11-23,46.94,35.06,218299,Seattle
2023-11-24,46.04,32.0,229621,Seattle
2023-11-25,46.04,30.2,229262,Seattle
2023-11-26,48.02,30.2,234688,Seattle
2023-11-27,46.94,28.22,261639,Seattle
2023-11-28,42.98,28.22,267799,Seattle
2023-11-29,39.02,30.2,266455,Seattle
2023-11-30,46.04,33.98,279634,Seattle
2023-12-01,50.0,39.02,260916,Seattle
2023-12-02,48.92,42.98,231983,Seattle
2023-12-03,53.96,42.98,245095,Seattle
2023-12-04,57.92,42.98,255882,Seattle
2023-12-05,59.0,48.02,248431,Seattle
2023-12-06,50.0,46.04,255252,Seattle
2023-12-07,46.94,37.04,288903,Seattle
2023-12-08,44.06,37.04,308945,Seattle
2023-12-09,44.06,35.06,302802,Seattle
2023-12-10,53.06,44.06,269785,Seattle
2023-12-11,46.94,42.08,280112,Seattle
2023-12-12,44.06,33.98,289291,Seattle
2023-12-13,51.08,33.98,291099,Seattle
2023-12-14,48.02,42.98,281203,Seattle
2023-12-15,51.98,39.02,274391,Seattle
2023-12-16,51.08,35.96,276574,Seattle
2023-12-17,48.92,33.08,264249,Seattle
2023-12-18,50.0,37.94,277739,Seattle
2023-12-19,51.98,46.94,257154,Seattle
2023-12-20,51.08,37.94,276339,Seattle
2023-12-21,50.0,42.08,272571,Seattle
2023-12-22,44.96,37.04,254702,Seattle
2023-12-23,44.96,33.08,245119,Seattle
2023-12-24,44.06,30.2,258129,Seattle
2023-12-25,48.02,41.0,265145,Seattle
2023-12-26,53.06,44.06,233110,Seattle
2023-12-27,55.04,46.94,239141,Seattle
2023-12-28,55.94,44.96,229402,Seattle
2023-12-29,62.96,53.06,246126,Seattle
2023-12-30,55.94,42.98,209994,Seattle
2023-12-31,50.0,37.94,239898,Seattle
